created_at,id,id_str,text,display_text_range,source,truncated,in_reply_to_status_id,in_reply_to_status_id_str,in_reply_to_user_id,in_reply_to_user_id_str,in_reply_to_screen_name,user,geo,coordinates,place,contributors,is_quote_status,extended_tweet,quote_count,reply_count,retweet_count,favorite_count,entities,favorited,retweeted,possibly_sensitive,filter_level,lang,matching_rules,extended_entities,retweeted_status
Sat Oct 17 07:00:00 +0000 2020,1317359693304635392,1317359693304635392,"Chinese farmer Li Zhifang is being crowned a ""Food Hero"" by Food and Agriculture Organization of #UN on World Food… https://t.co/w0okBJZ35h","[0, 140]","<a href=""https://about.twitter.com/products/tweetdeck"" rel=""nofollow"">TweetDeck</a>",True,,,,,,"{'id': 1115874631, 'id_str': '1115874631', 'name': 'CGTN', 'screen_name': 'CGTNOfficial', 'location': 'Beijing, China', 'url': 'http://www.CGTN.com', 'description': 'CGTN is an international media organization. It aims to provide global audiences with accurate and timely news coverage as well as rich audiovisual services.', 'translator_type': 'none', 'protected': False, 'verified': True, 'followers_count': 13411782, 'friends_count': 73, 'listed_count': 8165, 'favourites_count': 186, 'statuses_count': 203644, 'created_at': 'Thu Jan 24 03:18:59 +0000 2013', 'utc_offset': None, 'time_zone': None, 'geo_enabled': False, 'lang': None, 'contributors_enabled': False, 'is_translator': False, 'profile_background_color': '131516', 'profile_background_image_url': 'http://abs.twimg.com/images/themes/theme14/bg.gif', 'profile_background_image_url_https': 'https://abs.twimg.com/images/themes/theme14/bg.gif', 'profile_background_tile': True, 'profile_link_color': '009999', 'profile_sidebar_border_color': 'FFFFFF', 'profile_sidebar_fill_color': 'EFEFEF', 'profile_text_color': '333333', 'profile_use_background_image': True, 'profile_image_url': 'http://pbs.twimg.com/profile_images/1246467745975156738/hicJQmq0_normal.jpg', 'profile_image_url_https': 'https://pbs.twimg.com/profile_images/1246467745975156738/hicJQmq0_normal.jpg', 'profile_banner_url': 'https://pbs.twimg.com/profile_banners/1115874631/1586016045', 'default_profile': False, 'default_profile_image': False, 'following': None, 'follow_request_sent': None, 'notifications': None, 'withheld_in_countries': []}",,,,,False,"{'full_text': 'Chinese farmer Li Zhifang is being crowned a ""Food Hero"" by Food and Agriculture Organization of #UN on World Food Day, for his efforts to keep food cheap and accessible to residents of Wuhan during the worst period of the city\'s lockdown during the #COVID19 pandemic #ChinaBuzz https://t.co/H7DAUqAsYQ', 'display_text_range': [0, 278], 'entities': {'hashtags': [{'text': 'UN', 'indices': [97, 100]}, {'text': 'COVID19', 'indices': [250, 258]}, {'text': 'ChinaBuzz', 'indices': [268, 278]}], 'urls': [], 'user_mentions': [], 'symbols': [], 'media': [{'id': 1317317348894728193, 'id_str': '1317317348894728193', 'indices': [279, 302], 'media_url': 'http://pbs.twimg.com/media/EkgNJj1UYAEWV7H.jpg', 'media_url_https': 'https://pbs.twimg.com/media/EkgNJj1UYAEWV7H.jpg', 'url': 'https://t.co/H7DAUqAsYQ', 'display_url': 'pic.twitter.com/H7DAUqAsYQ', 'expanded_url': 'https://twitter.com/CGTNOfficial/status/1317359693304635392/photo/1', 'type': 'photo', 'sizes': {'medium': {'w': 1024, 'h': 768, 'resize': 'fit'}, 'thumb': {'w': 150, 'h': 150, 'resize': 'crop'}, 'small': {'w': 680, 'h': 510, 'resize': 'fit'}, 'large': {'w': 1024, 'h': 768, 'resize': 'fit'}}}, {'id': 1317317348894728192, 'id_str': '1317317348894728192', 'indices': [279, 302], 'media_url': 'http://pbs.twimg.com/media/EkgNJj1UYAAFnMq.jpg', 'media_url_https': 'https://pbs.twimg.com/media/EkgNJj1UYAAFnMq.jpg', 'url': 'https://t.co/H7DAUqAsYQ', 'display_url': 'pic.twitter.com/H7DAUqAsYQ', 'expanded_url': 'https://twitter.com/CGTNOfficial/status/1317359693304635392/photo/1', 'type': 'photo', 'sizes': {'large': {'w': 768, 'h': 1024, 'resize': 'fit'}, 'thumb': {'w': 150, 'h': 150, 'resize': 'crop'}, 'medium': {'w': 768, 'h': 1024, 'resize': 'fit'}, 'small': {'w': 510, 'h': 680, 'resize': 'fit'}}}, {'id': 1317317348898975746, 'id_str': '1317317348898975746', 'indices': [279, 302], 'media_url': 'http://pbs.twimg.com/media/EkgNJj2VMAIFwFU.jpg', 'media_url_https': 'https://pbs.twimg.com/media/EkgNJj2VMAIFwFU.jpg', 'url': 'https://t.co/H7DAUqAsYQ', 'display_url': 'pic.twitter.com/H7DAUqAsYQ', 'expanded_url': 'https://twitter.com/CGTNOfficial/status/1317359693304635392/photo/1', 'type': 'photo', 'sizes': {'thumb': {'w': 150, 'h': 150, 'resize': 'crop'}, 'medium': {'w': 768, 'h': 1024, 'resize': 'fit'}, 'small': {'w': 510, 'h': 680, 'resize': 'fit'}, 'large': {'w': 768, 'h': 1024, 'resize': 'fit'}}}]}, 'extended_entities': {'media': [{'id': 1317317348894728193, 'id_str': '1317317348894728193', 'indices': [279, 302], 'media_url': 'http://pbs.twimg.com/media/EkgNJj1UYAEWV7H.jpg', 'media_url_https': 'https://pbs.twimg.com/media/EkgNJj1UYAEWV7H.jpg', 'url': 'https://t.co/H7DAUqAsYQ', 'display_url': 'pic.twitter.com/H7DAUqAsYQ', 'expanded_url': 'https://twitter.com/CGTNOfficial/status/1317359693304635392/photo/1', 'type': 'photo', 'sizes': {'medium': {'w': 1024, 'h': 768, 'resize': 'fit'}, 'thumb': {'w': 150, 'h': 150, 'resize': 'crop'}, 'small': {'w': 680, 'h': 510, 'resize': 'fit'}, 'large': {'w': 1024, 'h': 768, 'resize': 'fit'}}}, {'id': 1317317348894728192, 'id_str': '1317317348894728192', 'indices': [279, 302], 'media_url': 'http://pbs.twimg.com/media/EkgNJj1UYAAFnMq.jpg', 'media_url_https': 'https://pbs.twimg.com/media/EkgNJj1UYAAFnMq.jpg', 'url': 'https://t.co/H7DAUqAsYQ', 'display_url': 'pic.twitter.com/H7DAUqAsYQ', 'expanded_url': 'https://twitter.com/CGTNOfficial/status/1317359693304635392/photo/1', 'type': 'photo', 'sizes': {'large': {'w': 768, 'h': 1024, 'resize': 'fit'}, 'thumb': {'w': 150, 'h': 150, 'resize': 'crop'}, 'medium': {'w': 768, 'h': 1024, 'resize': 'fit'}, 'small': {'w': 510, 'h': 680, 'resize': 'fit'}}}, {'id': 1317317348898975746, 'id_str': '1317317348898975746', 'indices': [279, 302], 'media_url': 'http://pbs.twimg.com/media/EkgNJj2VMAIFwFU.jpg', 'media_url_https': 'https://pbs.twimg.com/media/EkgNJj2VMAIFwFU.jpg', 'url': 'https://t.co/H7DAUqAsYQ', 'display_url': 'pic.twitter.com/H7DAUqAsYQ', 'expanded_url': 'https://twitter.com/CGTNOfficial/status/1317359693304635392/photo/1', 'type': 'photo', 'sizes': {'thumb': {'w': 150, 'h': 150, 'resize': 'crop'}, 'medium': {'w': 768, 'h': 1024, 'resize': 'fit'}, 'small': {'w': 510, 'h': 680, 'resize': 'fit'}, 'large': {'w': 768, 'h': 1024, 'resize': 'fit'}}}]}}",1,0,9,51,"{'hashtags': [{'text': 'UN', 'indices': [97, 100]}], 'urls': [{'url': 'https://t.co/w0okBJZ35h', 'expanded_url': 'https://twitter.com/i/web/status/1317359693304635392', 'display_url': 'twitter.com/i/web/status/1…', 'indices': [116, 139]}], 'user_mentions': [], 'symbols': []}",False,False,False,low,en,[{'tag': None}],,
Thu Oct 15 09:20:00 +0000 2020,1316670147004780545,1316670147004780545,Exhibition showcases #Wuhan's victory against #COVID19 https://t.co/xT9l6GCqOu https://t.co/WvZX7iOiWi,"[0, 78]","<a href=""https://about.twitter.com/products/tweetdeck"" rel=""nofollow"">TweetDeck</a>",False,,,,,,"{'id': 1115874631, 'id_str': '1115874631', 'name': 'CGTN', 'screen_name': 'CGTNOfficial', 'location': 'Beijing, China', 'url': 'http://www.CGTN.com', 'description': 'CGTN is an international media organization. It aims to provide global audiences with accurate and timely news coverage as well as rich audiovisual services.', 'translator_type': 'none', 'protected': False, 'verified': True, 'followers_count': 13411782, 'friends_count': 73, 'listed_count': 8165, 'favourites_count': 186, 'statuses_count': 203644, 'created_at': 'Thu Jan 24 03:18:59 +0000 2013', 'utc_offset': None, 'time_zone': None, 'geo_enabled': False, 'lang': None, 'contributors_enabled': False, 'is_translator': False, 'profile_background_color': '131516', 'profile_background_image_url': 'http://abs.twimg.com/images/themes/theme14/bg.gif', 'profile_background_image_url_https': 'https://abs.twimg.com/images/themes/theme14/bg.gif', 'profile_background_tile': True, 'profile_link_color': '009999', 'profile_sidebar_border_color': 'FFFFFF', 'profile_sidebar_fill_color': 'EFEFEF', 'profile_text_color': '333333', 'profile_use_background_image': True, 'profile_image_url': 'http://pbs.twimg.com/profile_images/1246467745975156738/hicJQmq0_normal.jpg', 'profile_image_url_https': 'https://pbs.twimg.com/profile_images/1246467745975156738/hicJQmq0_normal.jpg', 'profile_banner_url': 'https://pbs.twimg.com/profile_banners/1115874631/1586016045', 'default_profile': False, 'default_profile_image': False, 'following': None, 'follow_request_sent': None, 'notifications': None, 'withheld_in_countries': []}",,,,,False,,3,1,14,55,"{'hashtags': [{'text': 'Wuhan', 'indices': [21, 27]}, {'text': 'COVID19', 'indices': [46, 54]}], 'urls': [{'url': 'https://t.co/xT9l6GCqOu', 'expanded_url': 'https://bit.ly/2H6NE8F', 'display_url': 'bit.ly/2H6NE8F', 'indices': [55, 78]}], 'user_mentions': [], 'symbols': [], 'media': [{'id': 1316662260543057920, 'id_str': '1316662260543057920', 'indices': [79, 102], 'media_url': 'http://pbs.twimg.com/media/EkW5WZjU8AA5GQR.png', 'media_url_https': 'https://pbs.twimg.com/media/EkW5WZjU8AA5GQR.png', 'url': 'https://t.co/WvZX7iOiWi', 'display_url': 'pic.twitter.com/WvZX7iOiWi', 'expanded_url': 'https://twitter.com/CGTNOfficial/status/1316670147004780545/photo/1', 'type': 'photo', 'sizes': {'large': {'w': 760, 'h': 424, 'resize': 'fit'}, 'small': {'w': 680, 'h': 379, 'resize': 'fit'}, 'medium': {'w': 760, 'h': 424, 'resize': 'fit'}, 'thumb': {'w': 150, 'h': 150, 'resize': 'crop'}}}]}",False,False,False,low,en,[{'tag': None}],"{'media': [{'id': 1316662260543057920, 'id_str': '1316662260543057920', 'indices': [79, 102], 'media_url': 'http://pbs.twimg.com/media/EkW5WZjU8AA5GQR.png', 'media_url_https': 'https://pbs.twimg.com/media/EkW5WZjU8AA5GQR.png', 'url': 'https://t.co/WvZX7iOiWi', 'display_url': 'pic.twitter.com/WvZX7iOiWi', 'expanded_url': 'https://twitter.com/CGTNOfficial/status/1316670147004780545/photo/1', 'type': 'photo', 'sizes': {'large': {'w': 760, 'h': 424, 'resize': 'fit'}, 'small': {'w': 680, 'h': 379, 'resize': 'fit'}, 'medium': {'w': 760, 'h': 424, 'resize': 'fit'}, 'thumb': {'w': 150, 'h': 150, 'resize': 'crop'}}}, {'id': 1316662273872592897, 'id_str': '1316662273872592897', 'indices': [79, 102], 'media_url': 'http://pbs.twimg.com/media/EkW5XLNVgAEVaKS.jpg', 'media_url_https': 'https://pbs.twimg.com/media/EkW5XLNVgAEVaKS.jpg', 'url': 'https://t.co/WvZX7iOiWi', 'display_url': 'pic.twitter.com/WvZX7iOiWi', 'expanded_url': 'https://twitter.com/CGTNOfficial/status/1316670147004780545/photo/1', 'type': 'photo', 'sizes': {'thumb': {'w': 150, 'h': 150, 'resize': 'crop'}, 'large': {'w': 600, 'h': 448, 'resize': 'fit'}, 'medium': {'w': 600, 'h': 448, 'resize': 'fit'}, 'small': {'w': 600, 'h': 448, 'resize': 'fit'}}}, {'id': 1316662287776706560, 'id_str': '1316662287776706560', 'indices': [79, 102], 'media_url': 'http://pbs.twimg.com/media/EkW5X_AVcAASUsf.jpg', 'media_url_https': 'https://pbs.twimg.com/media/EkW5X_AVcAASUsf.jpg', 'url': 'https://t.co/WvZX7iOiWi', 'display_url': 'pic.twitter.com/WvZX7iOiWi', 'expanded_url': 'https://twitter.com/CGTNOfficial/status/1316670147004780545/photo/1', 'type': 'photo', 'sizes': {'medium': {'w': 1024, 'h': 645, 'resize': 'fit'}, 'thumb': {'w': 150, 'h': 150, 'resize': 'crop'}, 'large': {'w': 1024, 'h': 645, 'resize': 'fit'}, 'small': {'w': 680, 'h': 428, 'resize': 'fit'}}}, {'id': 1316662311902302210, 'id_str': '1316662311902302210', 'indices': [79, 102], 'media_url': 'http://pbs.twimg.com/media/EkW5ZY4U0AIgYcV.jpg', 'media_url_https': 'https://pbs.twimg.com/media/EkW5ZY4U0AIgYcV.jpg', 'url': 'https://t.co/WvZX7iOiWi', 'display_url': 'pic.twitter.com/WvZX7iOiWi', 'expanded_url': 'https://twitter.com/CGTNOfficial/status/1316670147004780545/photo/1', 'type': 'photo', 'sizes': {'thumb': {'w': 150, 'h': 150, 'resize': 'crop'}, 'medium': {'w': 1200, 'h': 900, 'resize': 'fit'}, 'large': {'w': 2048, 'h': 1536, 'resize': 'fit'}, 'small': {'w': 680, 'h': 510, 'resize': 'fit'}}}]}",
Sun Oct 11 14:20:00 +0000 2020,1315296094335582209,1315296094335582209,"China: A week in photos
- A sports center in #Wuhan, once a makeshift hospital, reopened
- Railway stations saw pea… https://t.co/FX3yT0r8os","[0, 140]","<a href=""https://about.twitter.com/products/tweetdeck"" rel=""nofollow"">TweetDeck</a>",True,,,,,,"{'id': 1115874631, 'id_str': '1115874631', 'name': 'CGTN', 'screen_name': 'CGTNOfficial', 'location': 'Beijing, China', 'url': 'http://www.CGTN.com', 'description': 'CGTN is an international media organization. It aims to provide global audiences with accurate and timely news coverage as well as rich audiovisual services.', 'translator_type': 'none', 'protected': False, 'verified': True, 'followers_count': 13411782, 'friends_count': 73, 'listed_count': 8165, 'favourites_count': 186, 'statuses_count': 203644, 'created_at': 'Thu Jan 24 03:18:59 +0000 2013', 'utc_offset': None, 'time_zone': None, 'geo_enabled': False, 'lang': None, 'contributors_enabled': False, 'is_translator': False, 'profile_background_color': '131516', 'profile_background_image_url': 'http://abs.twimg.com/images/themes/theme14/bg.gif', 'profile_background_image_url_https': 'https://abs.twimg.com/images/themes/theme14/bg.gif', 'profile_background_tile': True, 'profile_link_color': '009999', 'profile_sidebar_border_color': 'FFFFFF', 'profile_sidebar_fill_color': 'EFEFEF', 'profile_text_color': '333333', 'profile_use_background_image': True, 'profile_image_url': 'http://pbs.twimg.com/profile_images/1246467745975156738/hicJQmq0_normal.jpg', 'profile_image_url_https': 'https://pbs.twimg.com/profile_images/1246467745975156738/hicJQmq0_normal.jpg', 'profile_banner_url': 'https://pbs.twimg.com/profile_banners/1115874631/1586016045', 'default_profile': False, 'default_profile_image': False, 'following': None, 'follow_request_sent': None, 'notifications': None, 'withheld_in_countries': []}",,,,,False,"{'full_text': 'China: A week in photos\n- A sports center in #Wuhan, once a makeshift hospital, reopened\n- Railway stations saw peak passengers after the National Day holiday\n- Beijing Strawberry Music Festival ended on Thursday\n- Couples wed on October 10, a symbol of consummate love https://t.co/YoFkD4uKuQ', 'display_text_range': [0, 269], 'entities': {'hashtags': [{'text': 'Wuhan', 'indices': [45, 51]}], 'urls': [], 'user_mentions': [], 'symbols': [], 'media': [{'id': 1315266615944998914, 'id_str': '1315266615944998914', 'indices': [270, 293], 'media_url': 'http://pbs.twimg.com/media/EkDEBMRU8AIea-t.jpg', 'media_url_https': 'https://pbs.twimg.com/media/EkDEBMRU8AIea-t.jpg', 'url': 'https://t.co/YoFkD4uKuQ', 'display_url': 'pic.twitter.com/YoFkD4uKuQ', 'expanded_url': 'https://twitter.com/CGTNOfficial/status/1315296094335582209/photo/1', 'type': 'photo', 'sizes': {'thumb': {'w': 150, 'h': 150, 'resize': 'crop'}, 'medium': {'w': 1200, 'h': 675, 'resize': 'fit'}, 'large': {'w': 1280, 'h': 720, 'resize': 'fit'}, 'small': {'w': 680, 'h': 383, 'resize': 'fit'}}}, {'id': 1315266632848035845, 'id_str': '1315266632848035845', 'indices': [270, 293], 'media_url': 'http://pbs.twimg.com/media/EkDECLPU0AUFBq3.jpg', 'media_url_https': 'https://pbs.twimg.com/media/EkDECLPU0AUFBq3.jpg', 'url': 'https://t.co/YoFkD4uKuQ', 'display_url': 'pic.twitter.com/YoFkD4uKuQ', 'expanded_url': 'https://twitter.com/CGTNOfficial/status/1315296094335582209/photo/1', 'type': 'photo', 'sizes': {'thumb': {'w': 150, 'h': 150, 'resize': 'crop'}, 'medium': {'w': 1200, 'h': 675, 'resize': 'fit'}, 'small': {'w': 680, 'h': 383, 'resize': 'fit'}, 'large': {'w': 1920, 'h': 1080, 'resize': 'fit'}}}, {'id': 1315266831230201858, 'id_str': '1315266831230201858', 'indices': [270, 293], 'media_url': 'http://pbs.twimg.com/media/EkDENuRUcAIDh5O.png', 'media_url_https': 'https://pbs.twimg.com/media/EkDENuRUcAIDh5O.png', 'url': 'https://t.co/YoFkD4uKuQ', 'display_url': 'pic.twitter.com/YoFkD4uKuQ', 'expanded_url': 'https://twitter.com/CGTNOfficial/status/1315296094335582209/photo/1', 'type': 'photo', 'sizes': {'small': {'w': 465, 'h': 228, 'resize': 'fit'}, 'large': {'w': 465, 'h': 228, 'resize': 'fit'}, 'thumb': {'w': 150, 'h': 150, 'resize': 'crop'}, 'medium': {'w': 465, 'h': 228, 'resize': 'fit'}}}, {'id': 1315266854164733952, 'id_str': '1315266854164733952', 'indices': [270, 293], 'media_url': 'http://pbs.twimg.com/media/EkDEPDtVoAAnkLO.jpg', 'media_url_https': 'https://pbs.twimg.com/media/EkDEPDtVoAAnkLO.jpg', 'url': 'https://t.co/YoFkD4uKuQ', 'display_url': 'pic.twitter.com/YoFkD4uKuQ', 'expanded_url': 'https://twitter.com/CGTNOfficial/status/1315296094335582209/photo/1', 'type': 'photo', 'sizes': {'thumb': {'w': 150, 'h': 150, 'resize': 'crop'}, 'large': {'w': 1920, 'h': 1080, 'resize': 'fit'}, 'small': {'w': 680, 'h': 383, 'resize': 'fit'}, 'medium': {'w': 1200, 'h': 675, 'resize': 'fit'}}}]}, 'extended_entities': {'media': [{'id': 1315266615944998914, 'id_str': '1315266615944998914', 'indices': [270, 293], 'media_url': 'http://pbs.twimg.com/media/EkDEBMRU8AIea-t.jpg', 'media_url_https': 'https://pbs.twimg.com/media/EkDEBMRU8AIea-t.jpg', 'url': 'https://t.co/YoFkD4uKuQ', 'display_url': 'pic.twitter.com/YoFkD4uKuQ', 'expanded_url': 'https://twitter.com/CGTNOfficial/status/1315296094335582209/photo/1', 'type': 'photo', 'sizes': {'thumb': {'w': 150, 'h': 150, 'resize': 'crop'}, 'medium': {'w': 1200, 'h': 675, 'resize': 'fit'}, 'large': {'w': 1280, 'h': 720, 'resize': 'fit'}, 'small': {'w': 680, 'h': 383, 'resize': 'fit'}}}, {'id': 1315266632848035845, 'id_str': '1315266632848035845', 'indices': [270, 293], 'media_url': 'http://pbs.twimg.com/media/EkDECLPU0AUFBq3.jpg', 'media_url_https': 'https://pbs.twimg.com/media/EkDECLPU0AUFBq3.jpg', 'url': 'https://t.co/YoFkD4uKuQ', 'display_url': 'pic.twitter.com/YoFkD4uKuQ', 'expanded_url': 'https://twitter.com/CGTNOfficial/status/1315296094335582209/photo/1', 'type': 'photo', 'sizes': {'thumb': {'w': 150, 'h': 150, 'resize': 'crop'}, 'medium': {'w': 1200, 'h': 675, 'resize': 'fit'}, 'small': {'w': 680, 'h': 383, 'resize': 'fit'}, 'large': {'w': 1920, 'h': 1080, 'resize': 'fit'}}}, {'id': 1315266831230201858, 'id_str': '1315266831230201858', 'indices': [270, 293], 'media_url': 'http://pbs.twimg.com/media/EkDENuRUcAIDh5O.png', 'media_url_https': 'https://pbs.twimg.com/media/EkDENuRUcAIDh5O.png', 'url': 'https://t.co/YoFkD4uKuQ', 'display_url': 'pic.twitter.com/YoFkD4uKuQ', 'expanded_url': 'https://twitter.com/CGTNOfficial/status/1315296094335582209/photo/1', 'type': 'photo', 'sizes': {'small': {'w': 465, 'h': 228, 'resize': 'fit'}, 'large': {'w': 465, 'h': 228, 'resize': 'fit'}, 'thumb': {'w': 150, 'h': 150, 'resize': 'crop'}, 'medium': {'w': 465, 'h': 228, 'resize': 'fit'}}}, {'id': 1315266854164733952, 'id_str': '1315266854164733952', 'indices': [270, 293], 'media_url': 'http://pbs.twimg.com/media/EkDEPDtVoAAnkLO.jpg', 'media_url_https': 'https://pbs.twimg.com/media/EkDEPDtVoAAnkLO.jpg', 'url': 'https://t.co/YoFkD4uKuQ', 'display_url': 'pic.twitter.com/YoFkD4uKuQ', 'expanded_url': 'https://twitter.com/CGTNOfficial/status/1315296094335582209/photo/1', 'type': 'photo', 'sizes': {'thumb': {'w': 150, 'h': 150, 'resize': 'crop'}, 'large': {'w': 1920, 'h': 1080, 'resize': 'fit'}, 'small': {'w': 680, 'h': 383, 'resize': 'fit'}, 'medium': {'w': 1200, 'h': 675, 'resize': 'fit'}}}]}}",0,2,9,49,"{'hashtags': [{'text': 'Wuhan', 'indices': [45, 51]}], 'urls': [{'url': 'https://t.co/FX3yT0r8os', 'expanded_url': 'https://twitter.com/i/web/status/1315296094335582209', 'display_url': 'twitter.com/i/web/status/1…', 'indices': [117, 140]}], 'user_mentions': [], 'symbols': []}",False,False,False,low,en,[{'tag': None}],,
Tue Oct 06 07:00:00 +0000 2020,1313373426518646784,1313373426518646784,Central China's #Wuhan has become a hit tourism destination during the eight-day-long National Day holiday this yea… https://t.co/0Hhck0ZfAl,"[0, 140]","<a href=""https://about.twitter.com/products/tweetdeck"" rel=""nofollow"">TweetDeck</a>",True,,,,,,"{'id': 1115874631, 'id_str': '1115874631', 'name': 'CGTN', 'screen_name': 'CGTNOfficial', 'location': 'Beijing, China', 'url': 'http://www.CGTN.com', 'description': 'CGTN is an international media organization. It aims to provide global audiences with accurate and timely news coverage as well as rich audiovisual services.', 'translator_type': 'none', 'protected': False, 'verified': True, 'followers_count': 13411782, 'friends_count': 73, 'listed_count': 8165, 'favourites_count': 186, 'statuses_count': 203644, 'created_at': 'Thu Jan 24 03:18:59 +0000 2013', 'utc_offset': None, 'time_zone': None, 'geo_enabled': False, 'lang': None, 'contributors_enabled': False, 'is_translator': False, 'profile_background_color': '131516', 'profile_background_image_url': 'http://abs.twimg.com/images/themes/theme14/bg.gif', 'profile_background_image_url_https': 'https://abs.twimg.com/images/themes/theme14/bg.gif', 'profile_background_tile': True, 'profile_link_color': '009999', 'profile_sidebar_border_color': 'FFFFFF', 'profile_sidebar_fill_color': 'EFEFEF', 'profile_text_color': '333333', 'profile_use_background_image': True, 'profile_image_url': 'http://pbs.twimg.com/profile_images/1246467745975156738/hicJQmq0_normal.jpg', 'profile_image_url_https': 'https://pbs.twimg.com/profile_images/1246467745975156738/hicJQmq0_normal.jpg', 'profile_banner_url': 'https://pbs.twimg.com/profile_banners/1115874631/1586016045', 'default_profile': False, 'default_profile_image': False, 'following': None, 'follow_request_sent': None, 'notifications': None, 'withheld_in_countries': []}",,,,,False,"{'full_text': ""Central China's #Wuhan has become a hit tourism destination during the eight-day-long National Day holiday this year, attracting tourists from across the country to explore the beauty of the city. https://t.co/NtSIzKiV0N"", 'display_text_range': [0, 196], 'entities': {'hashtags': [{'text': 'Wuhan', 'indices': [16, 22]}], 'urls': [], 'user_mentions': [], 'symbols': [], 'media': [{'id': 1313370581992009728, 'id_str': '1313370581992009728', 'indices': [197, 220], 'media_url': 'http://pbs.twimg.com/media/EjoHlfYU8AASNI6.jpg', 'media_url_https': 'https://pbs.twimg.com/media/EjoHlfYU8AASNI6.jpg', 'url': 'https://t.co/NtSIzKiV0N', 'display_url': 'pic.twitter.com/NtSIzKiV0N', 'expanded_url': 'https://twitter.com/CGTNOfficial/status/1313373426518646784/photo/1', 'type': 'photo', 'sizes': {'small': {'w': 680, 'h': 459, 'resize': 'fit'}, 'thumb': {'w': 150, 'h': 150, 'resize': 'crop'}, 'large': {'w': 1024, 'h': 691, 'resize': 'fit'}, 'medium': {'w': 1024, 'h': 691, 'resize': 'fit'}}}, {'id': 1313370945826902017, 'id_str': '1313370945826902017', 'indices': [197, 220], 'media_url': 'http://pbs.twimg.com/media/EjoH6qxU0AEx12u.jpg', 'media_url_https': 'https://pbs.twimg.com/media/EjoH6qxU0AEx12u.jpg', 'url': 'https://t.co/NtSIzKiV0N', 'display_url': 'pic.twitter.com/NtSIzKiV0N', 'expanded_url': 'https://twitter.com/CGTNOfficial/status/1313373426518646784/photo/1', 'type': 'photo', 'sizes': {'medium': {'w': 1024, 'h': 683, 'resize': 'fit'}, 'large': {'w': 1024, 'h': 683, 'resize': 'fit'}, 'thumb': {'w': 150, 'h': 150, 'resize': 'crop'}, 'small': {'w': 680, 'h': 454, 'resize': 'fit'}}}, {'id': 1313370966244814848, 'id_str': '1313370966244814848', 'indices': [197, 220], 'media_url': 'http://pbs.twimg.com/media/EjoH721VcAAf2Kw.jpg', 'media_url_https': 'https://pbs.twimg.com/media/EjoH721VcAAf2Kw.jpg', 'url': 'https://t.co/NtSIzKiV0N', 'display_url': 'pic.twitter.com/NtSIzKiV0N', 'expanded_url': 'https://twitter.com/CGTNOfficial/status/1313373426518646784/photo/1', 'type': 'photo', 'sizes': {'thumb': {'w': 150, 'h': 150, 'resize': 'crop'}, 'small': {'w': 680, 'h': 427, 'resize': 'fit'}, 'large': {'w': 1024, 'h': 643, 'resize': 'fit'}, 'medium': {'w': 1024, 'h': 643, 'resize': 'fit'}}}, {'id': 1313370989942562816, 'id_str': '1313370989942562816', 'indices': [197, 220], 'media_url': 'http://pbs.twimg.com/media/EjoH9PHUYAAuuJF.jpg', 'media_url_https': 'https://pbs.twimg.com/media/EjoH9PHUYAAuuJF.jpg', 'url': 'https://t.co/NtSIzKiV0N', 'display_url': 'pic.twitter.com/NtSIzKiV0N', 'expanded_url': 'https://twitter.com/CGTNOfficial/status/1313373426518646784/photo/1', 'type': 'photo', 'sizes': {'thumb': {'w': 150, 'h': 150, 'resize': 'crop'}, 'small': {'w': 680, 'h': 454, 'resize': 'fit'}, 'medium': {'w': 1024, 'h': 683, 'resize': 'fit'}, 'large': {'w': 1024, 'h': 683, 'resize': 'fit'}}}]}, 'extended_entities': {'media': [{'id': 1313370581992009728, 'id_str': '1313370581992009728', 'indices': [197, 220], 'media_url': 'http://pbs.twimg.com/media/EjoHlfYU8AASNI6.jpg', 'media_url_https': 'https://pbs.twimg.com/media/EjoHlfYU8AASNI6.jpg', 'url': 'https://t.co/NtSIzKiV0N', 'display_url': 'pic.twitter.com/NtSIzKiV0N', 'expanded_url': 'https://twitter.com/CGTNOfficial/status/1313373426518646784/photo/1', 'type': 'photo', 'sizes': {'small': {'w': 680, 'h': 459, 'resize': 'fit'}, 'thumb': {'w': 150, 'h': 150, 'resize': 'crop'}, 'large': {'w': 1024, 'h': 691, 'resize': 'fit'}, 'medium': {'w': 1024, 'h': 691, 'resize': 'fit'}}}, {'id': 1313370945826902017, 'id_str': '1313370945826902017', 'indices': [197, 220], 'media_url': 'http://pbs.twimg.com/media/EjoH6qxU0AEx12u.jpg', 'media_url_https': 'https://pbs.twimg.com/media/EjoH6qxU0AEx12u.jpg', 'url': 'https://t.co/NtSIzKiV0N', 'display_url': 'pic.twitter.com/NtSIzKiV0N', 'expanded_url': 'https://twitter.com/CGTNOfficial/status/1313373426518646784/photo/1', 'type': 'photo', 'sizes': {'medium': {'w': 1024, 'h': 683, 'resize': 'fit'}, 'large': {'w': 1024, 'h': 683, 'resize': 'fit'}, 'thumb': {'w': 150, 'h': 150, 'resize': 'crop'}, 'small': {'w': 680, 'h': 454, 'resize': 'fit'}}}, {'id': 1313370966244814848, 'id_str': '1313370966244814848', 'indices': [197, 220], 'media_url': 'http://pbs.twimg.com/media/EjoH721VcAAf2Kw.jpg', 'media_url_https': 'https://pbs.twimg.com/media/EjoH721VcAAf2Kw.jpg', 'url': 'https://t.co/NtSIzKiV0N', 'display_url': 'pic.twitter.com/NtSIzKiV0N', 'expanded_url': 'https://twitter.com/CGTNOfficial/status/1313373426518646784/photo/1', 'type': 'photo', 'sizes': {'thumb': {'w': 150, 'h': 150, 'resize': 'crop'}, 'small': {'w': 680, 'h': 427, 'resize': 'fit'}, 'large': {'w': 1024, 'h': 643, 'resize': 'fit'}, 'medium': {'w': 1024, 'h': 643, 'resize': 'fit'}}}, {'id': 1313370989942562816, 'id_str': '1313370989942562816', 'indices': [197, 220], 'media_url': 'http://pbs.twimg.com/media/EjoH9PHUYAAuuJF.jpg', 'media_url_https': 'https://pbs.twimg.com/media/EjoH9PHUYAAuuJF.jpg', 'url': 'https://t.co/NtSIzKiV0N', 'display_url': 'pic.twitter.com/NtSIzKiV0N', 'expanded_url': 'https://twitter.com/CGTNOfficial/status/1313373426518646784/photo/1', 'type': 'photo', 'sizes': {'thumb': {'w': 150, 'h': 150, 'resize': 'crop'}, 'small': {'w': 680, 'h': 454, 'resize': 'fit'}, 'medium': {'w': 1024, 'h': 683, 'resize': 'fit'}, 'large': {'w': 1024, 'h': 683, 'resize': 'fit'}}}]}}",2,2,12,54,"{'hashtags': [{'text': 'Wuhan', 'indices': [16, 22]}], 'urls': [{'url': 'https://t.co/0Hhck0ZfAl', 'expanded_url': 'https://twitter.com/i/web/status/1313373426518646784', 'display_url': 'twitter.com/i/web/status/1…', 'indices': [117, 140]}], 'user_mentions': [], 'symbols': []}",False,False,False,low,en,[{'tag': None}],,
Mon Oct 05 16:50:01 +0000 2020,1313159521087508480,1313159521087508480,"RT @cgtnamerica: Once a temporary hospital during the early stages of the #coronavirus outbreak, take a look at the Wuhan Sports Center as…",,"<a href=""https://about.twitter.com/products/tweetdeck"" rel=""nofollow"">TweetDeck</a>",False,,,,,,"{'id': 1115874631, 'id_str': '1115874631', 'name': 'CGTN', 'screen_name': 'CGTNOfficial', 'location': 'Beijing, China', 'url': 'http://www.CGTN.com', 'description': 'CGTN is an international media organization. It aims to provide global audiences with accurate and timely news coverage as well as rich audiovisual services.', 'translator_type': 'none', 'protected': False, 'verified': True, 'followers_count': 13411782, 'friends_count': 73, 'listed_count': 8165, 'favourites_count': 186, 'statuses_count': 203644, 'created_at': 'Thu Jan 24 03:18:59 +0000 2013', 'utc_offset': None, 'time_zone': None, 'geo_enabled': False, 'lang': None, 'contributors_enabled': False, 'is_translator': False, 'profile_background_color': '131516', 'profile_background_image_url': 'http://abs.twimg.com/images/themes/theme14/bg.gif', 'profile_background_image_url_https': 'https://abs.twimg.com/images/themes/theme14/bg.gif', 'profile_background_tile': True, 'profile_link_color': '009999', 'profile_sidebar_border_color': 'FFFFFF', 'profile_sidebar_fill_color': 'EFEFEF', 'profile_text_color': '333333', 'profile_use_background_image': True, 'profile_image_url': 'http://pbs.twimg.com/profile_images/1246467745975156738/hicJQmq0_normal.jpg', 'profile_image_url_https': 'https://pbs.twimg.com/profile_images/1246467745975156738/hicJQmq0_normal.jpg', 'profile_banner_url': 'https://pbs.twimg.com/profile_banners/1115874631/1586016045', 'default_profile': False, 'default_profile_image': False, 'following': None, 'follow_request_sent': None, 'notifications': None, 'withheld_in_countries': []}",,,,,False,,0,0,0,0,"{'hashtags': [{'text': 'coronavirus', 'indices': [74, 86]}], 'urls': [], 'user_mentions': [{'screen_name': 'cgtnamerica', 'name': 'CGTN America', 'id': 620136960, 'id_str': '620136960', 'indices': [3, 15]}], 'symbols': []}",False,False,,low,en,[{'tag': None}],,"{'created_at': 'Mon Oct 05 16:45:00 +0000 2020', 'id': 1313158256597106688, 'id_str': '1313158256597106688', 'text': 'Once a temporary hospital during the early stages of the #coronavirus outbreak, take a look at the Wuhan Sports Cen… https://t.co/d4pFqLvrjf', 'source': '<a href=""https://about.twitter.com/products/tweetdeck"" rel=""nofollow"">TweetDeck</a>', 'truncated': True, 'in_reply_to_status_id': None, 'in_reply_to_status_id_str': None, 'in_reply_to_user_id': None, 'in_reply_to_user_id_str': None, 'in_reply_to_screen_name': None, 'user': {'id': 620136960, 'id_str': '620136960', 'name': 'CGTN America', 'screen_name': 'cgtnamerica', 'location': 'Washington, DC', 'url': 'https://america.cgtn.com/', 'description': 'Watch live: https://t.co/nz0et8flN6 \nMaterial is distributed by MediaLinks TV, LLC on behalf of CCTV. Info available at the Department of Justice in DC.', 'translator_type': 'regular', 'protected': False, 'verified': True, 'followers_count': 287784, 'friends_count': 2279, 'listed_count': 1371, 'favourites_count': 10555, 'statuses_count': 106447, 'created_at': 'Wed Jun 27 14:45:38 +0000 2012', 'utc_offset': None, 'time_zone': None, 'geo_enabled': True, 'lang': None, 'contributors_enabled': False, 'is_translator': False, 'profile_background_color': 'C0DEED', 'profile_background_image_url': 'http://abs.twimg.com/images/themes/theme1/bg.png', 'profile_background_image_url_https': 'https://abs.twimg.com/images/themes/theme1/bg.png', 'profile_background_tile': False, 'profile_link_color': '0054E6', 'profile_sidebar_border_color': 'FFFFFF', 'profile_sidebar_fill_color': 'DDEEF6', 'profile_text_color': '333333', 'profile_use_background_image': True, 'profile_image_url': 'http://pbs.twimg.com/profile_images/994364868810739713/ntTuT-8l_normal.jpg', 'profile_image_url_https': 'https://pbs.twimg.com/profile_images/994364868810739713/ntTuT-8l_normal.jpg', 'profile_banner_url': 'https://pbs.twimg.com/profile_banners/620136960/1641224826', 'default_profile': False, 'default_profile_image': False, 'following': None, 'follow_request_sent': None, 'notifications': None, 'withheld_in_countries': []}, 'geo': None, 'coordinates': None, 'place': None, 'contributors': None, 'is_quote_status': False, 'extended_tweet': {'full_text': 'Once a temporary hospital during the early stages of the #coronavirus outbreak, take a look at the Wuhan Sports Center as it refills with thousands of spectators. \n\nhttps://t.co/vIYprN8DJd', 'display_text_range': [0, 188], 'entities': {'hashtags': [{'text': 'coronavirus', 'indices': [57, 69]}], 'urls': [{'url': 'https://t.co/vIYprN8DJd', 'expanded_url': 'https://news.cgtn.com/news/2020-10-05/Thousands-crowd-Wuhan-Sports-Center-former-coronavirus-hospital-UlzQX4VQn6/index.html', 'display_url': 'news.cgtn.com/news/2020-10-0…', 'indices': [165, 188]}], 'user_mentions': [], 'symbols': []}}, 'quote_count': 0, 'reply_count': 0, 'retweet_count': 6, 'favorite_count': 12, 'entities': {'hashtags': [{'text': 'coronavirus', 'indices': [57, 69]}], 'urls': [{'url': 'https://t.co/d4pFqLvrjf', 'expanded_url': 'https://twitter.com/i/web/status/1313158256597106688', 'display_url': 'twitter.com/i/web/status/1…', 'indices': [117, 140]}], 'user_mentions': [], 'symbols': []}, 'favorited': False, 'retweeted': False, 'possibly_sensitive': False, 'filter_level': 'low', 'lang': 'en'}"
Mon Oct 05 12:40:00 +0000 2020,1313096600009535488,1313096600009535488,"Comparison pics recall memories

#Wuhan Sports Center was converted into the temporary treatment center for… https://t.co/3PG2fMiyIv","[0, 140]","<a href=""https://about.twitter.com/products/tweetdeck"" rel=""nofollow"">TweetDeck</a>",True,,,,,,"{'id': 1115874631, 'id_str': '1115874631', 'name': 'CGTN', 'screen_name': 'CGTNOfficial', 'location': 'Beijing, China', 'url': 'http://www.CGTN.com', 'description': 'CGTN is an international media organization. It aims to provide global audiences with accurate and timely news coverage as well as rich audiovisual services.', 'translator_type': 'none', 'protected': False, 'verified': True, 'followers_count': 13411782, 'friends_count': 73, 'listed_count': 8165, 'favourites_count': 186, 'statuses_count': 203644, 'created_at': 'Thu Jan 24 03:18:59 +0000 2013', 'utc_offset': None, 'time_zone': None, 'geo_enabled': False, 'lang': None, 'contributors_enabled': False, 'is_translator': False, 'profile_background_color': '131516', 'profile_background_image_url': 'http://abs.twimg.com/images/themes/theme14/bg.gif', 'profile_background_image_url_https': 'https://abs.twimg.com/images/themes/theme14/bg.gif', 'profile_background_tile': True, 'profile_link_color': '009999', 'profile_sidebar_border_color': 'FFFFFF', 'profile_sidebar_fill_color': 'EFEFEF', 'profile_text_color': '333333', 'profile_use_background_image': True, 'profile_image_url': 'http://pbs.twimg.com/profile_images/1246467745975156738/hicJQmq0_normal.jpg', 'profile_image_url_https': 'https://pbs.twimg.com/profile_images/1246467745975156738/hicJQmq0_normal.jpg', 'profile_banner_url': 'https://pbs.twimg.com/profile_banners/1115874631/1586016045', 'default_profile': False, 'default_profile_image': False, 'following': None, 'follow_request_sent': None, 'notifications': None, 'withheld_in_countries': []}",,,,,False,"{'full_text': 'Comparison pics recall memories\n\n#Wuhan Sports Center was converted into the temporary treatment center for #COVID19 patients earlier this year. The center reopened to the public on Sunday with more than 7,500 in attendance for a basketball game. https://t.co/CryliAPJ0Q', 'display_text_range': [0, 246], 'entities': {'hashtags': [{'text': 'Wuhan', 'indices': [33, 39]}, {'text': 'COVID19', 'indices': [108, 116]}], 'urls': [], 'user_mentions': [], 'symbols': [], 'media': [{'id': 1313046588487430146, 'id_str': '1313046588487430146', 'indices': [247, 270], 'media_url': 'http://pbs.twimg.com/media/Ejjg6lhU8AI2Cd0.jpg', 'media_url_https': 'https://pbs.twimg.com/media/Ejjg6lhU8AI2Cd0.jpg', 'url': 'https://t.co/CryliAPJ0Q', 'display_url': 'pic.twitter.com/CryliAPJ0Q', 'expanded_url': 'https://twitter.com/CGTNOfficial/status/1313096600009535488/photo/1', 'type': 'photo', 'sizes': {'thumb': {'w': 150, 'h': 150, 'resize': 'crop'}, 'large': {'w': 1080, 'h': 1347, 'resize': 'fit'}, 'small': {'w': 545, 'h': 680, 'resize': 'fit'}, 'medium': {'w': 962, 'h': 1200, 'resize': 'fit'}}}, {'id': 1313046588500054016, 'id_str': '1313046588500054016', 'indices': [247, 270], 'media_url': 'http://pbs.twimg.com/media/Ejjg6lkVkAAF4DD.jpg', 'media_url_https': 'https://pbs.twimg.com/media/Ejjg6lkVkAAF4DD.jpg', 'url': 'https://t.co/CryliAPJ0Q', 'display_url': 'pic.twitter.com/CryliAPJ0Q', 'expanded_url': 'https://twitter.com/CGTNOfficial/status/1313096600009535488/photo/1', 'type': 'photo', 'sizes': {'thumb': {'w': 150, 'h': 150, 'resize': 'crop'}, 'large': {'w': 1074, 'h': 1382, 'resize': 'fit'}, 'medium': {'w': 933, 'h': 1200, 'resize': 'fit'}, 'small': {'w': 528, 'h': 680, 'resize': 'fit'}}}]}, 'extended_entities': {'media': [{'id': 1313046588487430146, 'id_str': '1313046588487430146', 'indices': [247, 270], 'media_url': 'http://pbs.twimg.com/media/Ejjg6lhU8AI2Cd0.jpg', 'media_url_https': 'https://pbs.twimg.com/media/Ejjg6lhU8AI2Cd0.jpg', 'url': 'https://t.co/CryliAPJ0Q', 'display_url': 'pic.twitter.com/CryliAPJ0Q', 'expanded_url': 'https://twitter.com/CGTNOfficial/status/1313096600009535488/photo/1', 'type': 'photo', 'sizes': {'thumb': {'w': 150, 'h': 150, 'resize': 'crop'}, 'large': {'w': 1080, 'h': 1347, 'resize': 'fit'}, 'small': {'w': 545, 'h': 680, 'resize': 'fit'}, 'medium': {'w': 962, 'h': 1200, 'resize': 'fit'}}}, {'id': 1313046588500054016, 'id_str': '1313046588500054016', 'indices': [247, 270], 'media_url': 'http://pbs.twimg.com/media/Ejjg6lkVkAAF4DD.jpg', 'media_url_https': 'https://pbs.twimg.com/media/Ejjg6lkVkAAF4DD.jpg', 'url': 'https://t.co/CryliAPJ0Q', 'display_url': 'pic.twitter.com/CryliAPJ0Q', 'expanded_url': 'https://twitter.com/CGTNOfficial/status/1313096600009535488/photo/1', 'type': 'photo', 'sizes': {'thumb': {'w': 150, 'h': 150, 'resize': 'crop'}, 'large': {'w': 1074, 'h': 1382, 'resize': 'fit'}, 'medium': {'w': 933, 'h': 1200, 'resize': 'fit'}, 'small': {'w': 528, 'h': 680, 'resize': 'fit'}}}]}}",2,2,24,72,"{'hashtags': [{'text': 'Wuhan', 'indices': [33, 39]}], 'urls': [{'url': 'https://t.co/3PG2fMiyIv', 'expanded_url': 'https://twitter.com/i/web/status/1313096600009535488', 'display_url': 'twitter.com/i/web/status/1…', 'indices': [109, 132]}], 'user_mentions': [], 'symbols': []}",False,False,False,low,en,[{'tag': None}],,
Sun Oct 04 13:40:23 +0000 2020,1312749407067013120,1312749407067013120,"Yao Ming, Marbury, CBA stars join kids for #basketball in #Wuhan https://t.co/KVV4s95DOJ https://t.co/UJlULDXOeu","[0, 88]","<a href=""https://mobile.twitter.com"" rel=""nofollow"">Twitter Web App</a>",False,,,,,,"{'id': 1115874631, 'id_str': '1115874631', 'name': 'CGTN', 'screen_name': 'CGTNOfficial', 'location': 'Beijing, China', 'url': 'http://www.CGTN.com', 'description': 'CGTN is an international media organization. It aims to provide global audiences with accurate and timely news coverage as well as rich audiovisual services.', 'translator_type': 'none', 'protected': False, 'verified': True, 'followers_count': 13411782, 'friends_count': 73, 'listed_count': 8165, 'favourites_count': 186, 'statuses_count': 203644, 'created_at': 'Thu Jan 24 03:18:59 +0000 2013', 'utc_offset': None, 'time_zone': None, 'geo_enabled': False, 'lang': None, 'contributors_enabled': False, 'is_translator': False, 'profile_background_color': '131516', 'profile_background_image_url': 'http://abs.twimg.com/images/themes/theme14/bg.gif', 'profile_background_image_url_https': 'https://abs.twimg.com/images/themes/theme14/bg.gif', 'profile_background_tile': True, 'profile_link_color': '009999', 'profile_sidebar_border_color': 'FFFFFF', 'profile_sidebar_fill_color': 'EFEFEF', 'profile_text_color': '333333', 'profile_use_background_image': True, 'profile_image_url': 'http://pbs.twimg.com/profile_images/1246467745975156738/hicJQmq0_normal.jpg', 'profile_image_url_https': 'https://pbs.twimg.com/profile_images/1246467745975156738/hicJQmq0_normal.jpg', 'profile_banner_url': 'https://pbs.twimg.com/profile_banners/1115874631/1586016045', 'default_profile': False, 'default_profile_image': False, 'following': None, 'follow_request_sent': None, 'notifications': None, 'withheld_in_countries': []}",,,,,False,,2,1,5,45,"{'hashtags': [{'text': 'basketball', 'indices': [43, 54]}, {'text': 'Wuhan', 'indices': [58, 64]}], 'urls': [{'url': 'https://t.co/KVV4s95DOJ', 'expanded_url': 'https://bit.ly/3cZwWnf', 'display_url': 'bit.ly/3cZwWnf', 'indices': [65, 88]}], 'user_mentions': [], 'symbols': [], 'media': [{'id': 1312748896435625984, 'id_str': '1312748896435625984', 'indices': [89, 112], 'media_url': 'http://pbs.twimg.com/media/EjfSKoNU4AA05oM.jpg', 'media_url_https': 'https://pbs.twimg.com/media/EjfSKoNU4AA05oM.jpg', 'url': 'https://t.co/UJlULDXOeu', 'display_url': 'pic.twitter.com/UJlULDXOeu', 'expanded_url': 'https://twitter.com/CGTNOfficial/status/1312749407067013120/photo/1', 'type': 'photo', 'sizes': {'thumb': {'w': 150, 'h': 150, 'resize': 'crop'}, 'medium': {'w': 1024, 'h': 575, 'resize': 'fit'}, 'large': {'w': 1024, 'h': 575, 'resize': 'fit'}, 'small': {'w': 680, 'h': 382, 'resize': 'fit'}}}]}",False,False,False,low,en,[{'tag': None}],"{'media': [{'id': 1312748896435625984, 'id_str': '1312748896435625984', 'indices': [89, 112], 'media_url': 'http://pbs.twimg.com/media/EjfSKoNU4AA05oM.jpg', 'media_url_https': 'https://pbs.twimg.com/media/EjfSKoNU4AA05oM.jpg', 'url': 'https://t.co/UJlULDXOeu', 'display_url': 'pic.twitter.com/UJlULDXOeu', 'expanded_url': 'https://twitter.com/CGTNOfficial/status/1312749407067013120/photo/1', 'type': 'photo', 'sizes': {'thumb': {'w': 150, 'h': 150, 'resize': 'crop'}, 'medium': {'w': 1024, 'h': 575, 'resize': 'fit'}, 'large': {'w': 1024, 'h': 575, 'resize': 'fit'}, 'small': {'w': 680, 'h': 382, 'resize': 'fit'}}}, {'id': 1312748965914238979, 'id_str': '1312748965914238979', 'indices': [89, 112], 'media_url': 'http://pbs.twimg.com/media/EjfSOrCUYAM3MXZ.jpg', 'media_url_https': 'https://pbs.twimg.com/media/EjfSOrCUYAM3MXZ.jpg', 'url': 'https://t.co/UJlULDXOeu', 'display_url': 'pic.twitter.com/UJlULDXOeu', 'expanded_url': 'https://twitter.com/CGTNOfficial/status/1312749407067013120/photo/1', 'type': 'photo', 'sizes': {'thumb': {'w': 150, 'h': 150, 'resize': 'crop'}, 'small': {'w': 680, 'h': 383, 'resize': 'fit'}, 'large': {'w': 1023, 'h': 576, 'resize': 'fit'}, 'medium': {'w': 1023, 'h': 576, 'resize': 'fit'}}}, {'id': 1312749034071756800, 'id_str': '1312749034071756800', 'indices': [89, 112], 'media_url': 'http://pbs.twimg.com/media/EjfSSo8VkAAhdaI.jpg', 'media_url_https': 'https://pbs.twimg.com/media/EjfSSo8VkAAhdaI.jpg', 'url': 'https://t.co/UJlULDXOeu', 'display_url': 'pic.twitter.com/UJlULDXOeu', 'expanded_url': 'https://twitter.com/CGTNOfficial/status/1312749407067013120/photo/1', 'type': 'photo', 'sizes': {'thumb': {'w': 150, 'h': 150, 'resize': 'crop'}, 'small': {'w': 680, 'h': 383, 'resize': 'fit'}, 'large': {'w': 1024, 'h': 576, 'resize': 'fit'}, 'medium': {'w': 1024, 'h': 576, 'resize': 'fit'}}}, {'id': 1312749063180148736, 'id_str': '1312749063180148736', 'indices': [89, 112], 'media_url': 'http://pbs.twimg.com/media/EjfSUVYUYAAN6w6.jpg', 'media_url_https': 'https://pbs.twimg.com/media/EjfSUVYUYAAN6w6.jpg', 'url': 'https://t.co/UJlULDXOeu', 'display_url': 'pic.twitter.com/UJlULDXOeu', 'expanded_url': 'https://twitter.com/CGTNOfficial/status/1312749407067013120/photo/1', 'type': 'photo', 'sizes': {'thumb': {'w': 150, 'h': 150, 'resize': 'crop'}, 'small': {'w': 680, 'h': 382, 'resize': 'fit'}, 'large': {'w': 1023, 'h': 575, 'resize': 'fit'}, 'medium': {'w': 1023, 'h': 575, 'resize': 'fit'}}}]}",
Sun Oct 04 01:00:00 +0000 2020,1312558052646834176,1312558052646834176,"Cherry blossoms that usually bloom in spring flowered this October at #Wuhan University, attracting crowds to witne… https://t.co/GW2e6aDmwd","[0, 140]","<a href=""https://about.twitter.com/products/tweetdeck"" rel=""nofollow"">TweetDeck</a>",True,,,,,,"{'id': 1115874631, 'id_str': '1115874631', 'name': 'CGTN', 'screen_name': 'CGTNOfficial', 'location': 'Beijing, China', 'url': 'http://www.CGTN.com', 'description': 'CGTN is an international media organization. It aims to provide global audiences with accurate and timely news coverage as well as rich audiovisual services.', 'translator_type': 'none', 'protected': False, 'verified': True, 'followers_count': 13411782, 'friends_count': 73, 'listed_count': 8165, 'favourites_count': 186, 'statuses_count': 203644, 'created_at': 'Thu Jan 24 03:18:59 +0000 2013', 'utc_offset': None, 'time_zone': None, 'geo_enabled': False, 'lang': None, 'contributors_enabled': False, 'is_translator': False, 'profile_background_color': '131516', 'profile_background_image_url': 'http://abs.twimg.com/images/themes/theme14/bg.gif', 'profile_background_image_url_https': 'https://abs.twimg.com/images/themes/theme14/bg.gif', 'profile_background_tile': True, 'profile_link_color': '009999', 'profile_sidebar_border_color': 'FFFFFF', 'profile_sidebar_fill_color': 'EFEFEF', 'profile_text_color': '333333', 'profile_use_background_image': True, 'profile_image_url': 'http://pbs.twimg.com/profile_images/1246467745975156738/hicJQmq0_normal.jpg', 'profile_image_url_https': 'https://pbs.twimg.com/profile_images/1246467745975156738/hicJQmq0_normal.jpg', 'profile_banner_url': 'https://pbs.twimg.com/profile_banners/1115874631/1586016045', 'default_profile': False, 'default_profile_image': False, 'following': None, 'follow_request_sent': None, 'notifications': None, 'withheld_in_countries': []}",,,,,False,"{'full_text': ""Cherry blossoms that usually bloom in spring flowered this October at #Wuhan University, attracting crowds to witness this anti-season phenomenon. \n\nVisitors took pictures of the flower's co-occurrences with the sweet osmanthus, a flower that blossoms in autumn. https://t.co/UrqrUvH7fk"", 'display_text_range': [0, 262], 'entities': {'hashtags': [{'text': 'Wuhan', 'indices': [70, 76]}], 'urls': [], 'user_mentions': [], 'symbols': [], 'media': [{'id': 1312406971589353474, 'id_str': '1312406971589353474', 'indices': [263, 286], 'media_url': 'http://pbs.twimg.com/media/EjabL-5UYAItBTN.jpg', 'media_url_https': 'https://pbs.twimg.com/media/EjabL-5UYAItBTN.jpg', 'url': 'https://t.co/UrqrUvH7fk', 'display_url': 'pic.twitter.com/UrqrUvH7fk', 'expanded_url': 'https://twitter.com/CGTNOfficial/status/1312558052646834176/photo/1', 'type': 'photo', 'sizes': {'thumb': {'w': 150, 'h': 150, 'resize': 'crop'}, 'medium': {'w': 1200, 'h': 800, 'resize': 'fit'}, 'large': {'w': 2048, 'h': 1365, 'resize': 'fit'}, 'small': {'w': 680, 'h': 453, 'resize': 'fit'}}}, {'id': 1312407093790400514, 'id_str': '1312407093790400514', 'indices': [263, 286], 'media_url': 'http://pbs.twimg.com/media/EjabTGIUYAIOxtq.jpg', 'media_url_https': 'https://pbs.twimg.com/media/EjabTGIUYAIOxtq.jpg', 'url': 'https://t.co/UrqrUvH7fk', 'display_url': 'pic.twitter.com/UrqrUvH7fk', 'expanded_url': 'https://twitter.com/CGTNOfficial/status/1312558052646834176/photo/1', 'type': 'photo', 'sizes': {'thumb': {'w': 150, 'h': 150, 'resize': 'crop'}, 'small': {'w': 680, 'h': 447, 'resize': 'fit'}, 'large': {'w': 1418, 'h': 933, 'resize': 'fit'}, 'medium': {'w': 1200, 'h': 790, 'resize': 'fit'}}}, {'id': 1312407113226878976, 'id_str': '1312407113226878976', 'indices': [263, 286], 'media_url': 'http://pbs.twimg.com/media/EjabUOiVgAAymBZ.jpg', 'media_url_https': 'https://pbs.twimg.com/media/EjabUOiVgAAymBZ.jpg', 'url': 'https://t.co/UrqrUvH7fk', 'display_url': 'pic.twitter.com/UrqrUvH7fk', 'expanded_url': 'https://twitter.com/CGTNOfficial/status/1312558052646834176/photo/1', 'type': 'photo', 'sizes': {'thumb': {'w': 150, 'h': 150, 'resize': 'crop'}, 'large': {'w': 2048, 'h': 1365, 'resize': 'fit'}, 'medium': {'w': 1200, 'h': 800, 'resize': 'fit'}, 'small': {'w': 680, 'h': 453, 'resize': 'fit'}}}, {'id': 1312407220349358082, 'id_str': '1312407220349358082', 'indices': [263, 286], 'media_url': 'http://pbs.twimg.com/media/EjabadmU0AIhEmg.jpg', 'media_url_https': 'https://pbs.twimg.com/media/EjabadmU0AIhEmg.jpg', 'url': 'https://t.co/UrqrUvH7fk', 'display_url': 'pic.twitter.com/UrqrUvH7fk', 'expanded_url': 'https://twitter.com/CGTNOfficial/status/1312558052646834176/photo/1', 'type': 'photo', 'sizes': {'thumb': {'w': 150, 'h': 150, 'resize': 'crop'}, 'small': {'w': 680, 'h': 454, 'resize': 'fit'}, 'medium': {'w': 1200, 'h': 802, 'resize': 'fit'}, 'large': {'w': 1616, 'h': 1080, 'resize': 'fit'}}}]}, 'extended_entities': {'media': [{'id': 1312406971589353474, 'id_str': '1312406971589353474', 'indices': [263, 286], 'media_url': 'http://pbs.twimg.com/media/EjabL-5UYAItBTN.jpg', 'media_url_https': 'https://pbs.twimg.com/media/EjabL-5UYAItBTN.jpg', 'url': 'https://t.co/UrqrUvH7fk', 'display_url': 'pic.twitter.com/UrqrUvH7fk', 'expanded_url': 'https://twitter.com/CGTNOfficial/status/1312558052646834176/photo/1', 'type': 'photo', 'sizes': {'thumb': {'w': 150, 'h': 150, 'resize': 'crop'}, 'medium': {'w': 1200, 'h': 800, 'resize': 'fit'}, 'large': {'w': 2048, 'h': 1365, 'resize': 'fit'}, 'small': {'w': 680, 'h': 453, 'resize': 'fit'}}}, {'id': 1312407093790400514, 'id_str': '1312407093790400514', 'indices': [263, 286], 'media_url': 'http://pbs.twimg.com/media/EjabTGIUYAIOxtq.jpg', 'media_url_https': 'https://pbs.twimg.com/media/EjabTGIUYAIOxtq.jpg', 'url': 'https://t.co/UrqrUvH7fk', 'display_url': 'pic.twitter.com/UrqrUvH7fk', 'expanded_url': 'https://twitter.com/CGTNOfficial/status/1312558052646834176/photo/1', 'type': 'photo', 'sizes': {'thumb': {'w': 150, 'h': 150, 'resize': 'crop'}, 'small': {'w': 680, 'h': 447, 'resize': 'fit'}, 'large': {'w': 1418, 'h': 933, 'resize': 'fit'}, 'medium': {'w': 1200, 'h': 790, 'resize': 'fit'}}}, {'id': 1312407113226878976, 'id_str': '1312407113226878976', 'indices': [263, 286], 'media_url': 'http://pbs.twimg.com/media/EjabUOiVgAAymBZ.jpg', 'media_url_https': 'https://pbs.twimg.com/media/EjabUOiVgAAymBZ.jpg', 'url': 'https://t.co/UrqrUvH7fk', 'display_url': 'pic.twitter.com/UrqrUvH7fk', 'expanded_url': 'https://twitter.com/CGTNOfficial/status/1312558052646834176/photo/1', 'type': 'photo', 'sizes': {'thumb': {'w': 150, 'h': 150, 'resize': 'crop'}, 'large': {'w': 2048, 'h': 1365, 'resize': 'fit'}, 'medium': {'w': 1200, 'h': 800, 'resize': 'fit'}, 'small': {'w': 680, 'h': 453, 'resize': 'fit'}}}, {'id': 1312407220349358082, 'id_str': '1312407220349358082', 'indices': [263, 286], 'media_url': 'http://pbs.twimg.com/media/EjabadmU0AIhEmg.jpg', 'media_url_https': 'https://pbs.twimg.com/media/EjabadmU0AIhEmg.jpg', 'url': 'https://t.co/UrqrUvH7fk', 'display_url': 'pic.twitter.com/UrqrUvH7fk', 'expanded_url': 'https://twitter.com/CGTNOfficial/status/1312558052646834176/photo/1', 'type': 'photo', 'sizes': {'thumb': {'w': 150, 'h': 150, 'resize': 'crop'}, 'small': {'w': 680, 'h': 454, 'resize': 'fit'}, 'medium': {'w': 1200, 'h': 802, 'resize': 'fit'}, 'large': {'w': 1616, 'h': 1080, 'resize': 'fit'}}}]}}",3,1,11,43,"{'hashtags': [{'text': 'Wuhan', 'indices': [70, 76]}], 'urls': [{'url': 'https://t.co/GW2e6aDmwd', 'expanded_url': 'https://twitter.com/i/web/status/1312558052646834176', 'display_url': 'twitter.com/i/web/status/1…', 'indices': [117, 140]}], 'user_mentions': [], 'symbols': []}",False,False,False,low,en,[{'tag': None}],,
Thu Oct 01 14:12:27 +0000 2020,1311670315953479681,1311670315953479681,Happening now: A full moon is seen above the sky as Chinese people celebrate Mid-Autumn Festival with loved ones.🌕🥮… https://t.co/JNzadQp3p5,"[0, 140]","<a href=""https://mobile.twitter.com"" rel=""nofollow"">Twitter Web App</a>",True,,,,,,"{'id': 1115874631, 'id_str': '1115874631', 'name': 'CGTN', 'screen_name': 'CGTNOfficial', 'location': 'Beijing, China', 'url': 'http://www.CGTN.com', 'description': 'CGTN is an international media organization. It aims to provide global audiences with accurate and timely news coverage as well as rich audiovisual services.', 'translator_type': 'none', 'protected': False, 'verified': True, 'followers_count': 13411782, 'friends_count': 73, 'listed_count': 8165, 'favourites_count': 186, 'statuses_count': 203644, 'created_at': 'Thu Jan 24 03:18:59 +0000 2013', 'utc_offset': None, 'time_zone': None, 'geo_enabled': False, 'lang': None, 'contributors_enabled': False, 'is_translator': False, 'profile_background_color': '131516', 'profile_background_image_url': 'http://abs.twimg.com/images/themes/theme14/bg.gif', 'profile_background_image_url_https': 'https://abs.twimg.com/images/themes/theme14/bg.gif', 'profile_background_tile': True, 'profile_link_color': '009999', 'profile_sidebar_border_color': 'FFFFFF', 'profile_sidebar_fill_color': 'EFEFEF', 'profile_text_color': '333333', 'profile_use_background_image': True, 'profile_image_url': 'http://pbs.twimg.com/profile_images/1246467745975156738/hicJQmq0_normal.jpg', 'profile_image_url_https': 'https://pbs.twimg.com/profile_images/1246467745975156738/hicJQmq0_normal.jpg', 'profile_banner_url': 'https://pbs.twimg.com/profile_banners/1115874631/1586016045', 'default_profile': False, 'default_profile_image': False, 'following': None, 'follow_request_sent': None, 'notifications': None, 'withheld_in_countries': []}",,,,,False,"{'full_text': 'Happening now: A full moon is seen above the sky as Chinese people celebrate Mid-Autumn Festival with loved ones.🌕🥮\n\nPictures were taken in Chinese cities of Beijing, Shanghai, Wuhan and Nanjing. https://t.co/8HprkaH0YR', 'display_text_range': [0, 195], 'entities': {'hashtags': [], 'urls': [], 'user_mentions': [], 'symbols': [], 'media': [{'id': 1311669869214015491, 'id_str': '1311669869214015491', 'indices': [196, 219], 'media_url': 'http://pbs.twimg.com/media/EjP8y-kVoAM_rH7.jpg', 'media_url_https': 'https://pbs.twimg.com/media/EjP8y-kVoAM_rH7.jpg', 'url': 'https://t.co/8HprkaH0YR', 'display_url': 'pic.twitter.com/8HprkaH0YR', 'expanded_url': 'https://twitter.com/CGTNOfficial/status/1311670315953479681/photo/1', 'type': 'photo', 'sizes': {'thumb': {'w': 150, 'h': 150, 'resize': 'crop'}, 'small': {'w': 680, 'h': 454, 'resize': 'fit'}, 'large': {'w': 1024, 'h': 683, 'resize': 'fit'}, 'medium': {'w': 1024, 'h': 683, 'resize': 'fit'}}}, {'id': 1311669895294140422, 'id_str': '1311669895294140422', 'indices': [196, 219], 'media_url': 'http://pbs.twimg.com/media/EjP80fuUwAYnHxg.jpg', 'media_url_https': 'https://pbs.twimg.com/media/EjP80fuUwAYnHxg.jpg', 'url': 'https://t.co/8HprkaH0YR', 'display_url': 'pic.twitter.com/8HprkaH0YR', 'expanded_url': 'https://twitter.com/CGTNOfficial/status/1311670315953479681/photo/1', 'type': 'photo', 'sizes': {'medium': {'w': 1024, 'h': 681, 'resize': 'fit'}, 'thumb': {'w': 150, 'h': 150, 'resize': 'crop'}, 'large': {'w': 1024, 'h': 681, 'resize': 'fit'}, 'small': {'w': 680, 'h': 452, 'resize': 'fit'}}}, {'id': 1311669928005517312, 'id_str': '1311669928005517312', 'indices': [196, 219], 'media_url': 'http://pbs.twimg.com/media/EjP82ZlUwAAjsvw.jpg', 'media_url_https': 'https://pbs.twimg.com/media/EjP82ZlUwAAjsvw.jpg', 'url': 'https://t.co/8HprkaH0YR', 'display_url': 'pic.twitter.com/8HprkaH0YR', 'expanded_url': 'https://twitter.com/CGTNOfficial/status/1311670315953479681/photo/1', 'type': 'photo', 'sizes': {'large': {'w': 1024, 'h': 683, 'resize': 'fit'}, 'thumb': {'w': 150, 'h': 150, 'resize': 'crop'}, 'medium': {'w': 1024, 'h': 683, 'resize': 'fit'}, 'small': {'w': 680, 'h': 454, 'resize': 'fit'}}}, {'id': 1311669943276978178, 'id_str': '1311669943276978178', 'indices': [196, 219], 'media_url': 'http://pbs.twimg.com/media/EjP83SeUwAIf_p0.jpg', 'media_url_https': 'https://pbs.twimg.com/media/EjP83SeUwAIf_p0.jpg', 'url': 'https://t.co/8HprkaH0YR', 'display_url': 'pic.twitter.com/8HprkaH0YR', 'expanded_url': 'https://twitter.com/CGTNOfficial/status/1311670315953479681/photo/1', 'type': 'photo', 'sizes': {'thumb': {'w': 150, 'h': 150, 'resize': 'crop'}, 'medium': {'w': 1024, 'h': 683, 'resize': 'fit'}, 'large': {'w': 1024, 'h': 683, 'resize': 'fit'}, 'small': {'w': 680, 'h': 454, 'resize': 'fit'}}}]}, 'extended_entities': {'media': [{'id': 1311669869214015491, 'id_str': '1311669869214015491', 'indices': [196, 219], 'media_url': 'http://pbs.twimg.com/media/EjP8y-kVoAM_rH7.jpg', 'media_url_https': 'https://pbs.twimg.com/media/EjP8y-kVoAM_rH7.jpg', 'url': 'https://t.co/8HprkaH0YR', 'display_url': 'pic.twitter.com/8HprkaH0YR', 'expanded_url': 'https://twitter.com/CGTNOfficial/status/1311670315953479681/photo/1', 'type': 'photo', 'sizes': {'thumb': {'w': 150, 'h': 150, 'resize': 'crop'}, 'small': {'w': 680, 'h': 454, 'resize': 'fit'}, 'large': {'w': 1024, 'h': 683, 'resize': 'fit'}, 'medium': {'w': 1024, 'h': 683, 'resize': 'fit'}}}, {'id': 1311669895294140422, 'id_str': '1311669895294140422', 'indices': [196, 219], 'media_url': 'http://pbs.twimg.com/media/EjP80fuUwAYnHxg.jpg', 'media_url_https': 'https://pbs.twimg.com/media/EjP80fuUwAYnHxg.jpg', 'url': 'https://t.co/8HprkaH0YR', 'display_url': 'pic.twitter.com/8HprkaH0YR', 'expanded_url': 'https://twitter.com/CGTNOfficial/status/1311670315953479681/photo/1', 'type': 'photo', 'sizes': {'medium': {'w': 1024, 'h': 681, 'resize': 'fit'}, 'thumb': {'w': 150, 'h': 150, 'resize': 'crop'}, 'large': {'w': 1024, 'h': 681, 'resize': 'fit'}, 'small': {'w': 680, 'h': 452, 'resize': 'fit'}}}, {'id': 1311669928005517312, 'id_str': '1311669928005517312', 'indices': [196, 219], 'media_url': 'http://pbs.twimg.com/media/EjP82ZlUwAAjsvw.jpg', 'media_url_https': 'https://pbs.twimg.com/media/EjP82ZlUwAAjsvw.jpg', 'url': 'https://t.co/8HprkaH0YR', 'display_url': 'pic.twitter.com/8HprkaH0YR', 'expanded_url': 'https://twitter.com/CGTNOfficial/status/1311670315953479681/photo/1', 'type': 'photo', 'sizes': {'large': {'w': 1024, 'h': 683, 'resize': 'fit'}, 'thumb': {'w': 150, 'h': 150, 'resize': 'crop'}, 'medium': {'w': 1024, 'h': 683, 'resize': 'fit'}, 'small': {'w': 680, 'h': 454, 'resize': 'fit'}}}, {'id': 1311669943276978178, 'id_str': '1311669943276978178', 'indices': [196, 219], 'media_url': 'http://pbs.twimg.com/media/EjP83SeUwAIf_p0.jpg', 'media_url_https': 'https://pbs.twimg.com/media/EjP83SeUwAIf_p0.jpg', 'url': 'https://t.co/8HprkaH0YR', 'display_url': 'pic.twitter.com/8HprkaH0YR', 'expanded_url': 'https://twitter.com/CGTNOfficial/status/1311670315953479681/photo/1', 'type': 'photo', 'sizes': {'thumb': {'w': 150, 'h': 150, 'resize': 'crop'}, 'medium': {'w': 1024, 'h': 683, 'resize': 'fit'}, 'large': {'w': 1024, 'h': 683, 'resize': 'fit'}, 'small': {'w': 680, 'h': 454, 'resize': 'fit'}}}]}}",4,2,55,198,"{'hashtags': [], 'urls': [{'url': 'https://t.co/JNzadQp3p5', 'expanded_url': 'https://twitter.com/i/web/status/1311670315953479681', 'display_url': 'twitter.com/i/web/status/1…', 'indices': [117, 140]}], 'user_mentions': [], 'symbols': []}",False,False,False,low,en,[{'tag': None}],,
Thu Oct 01 10:24:01 +0000 2020,1311612827136790528,1311612827136790528,Watch: #Wuhan celebrates China's National Day with creative flash mob. #NationalDay2020 🇨🇳 #HighSpeedRailTour https://t.co/lkXCEmlTA5,"[0, 109]","<a href=""https://studio.twitter.com"" rel=""nofollow"">Twitter Media Studio</a>",False,,,,,,"{'id': 1115874631, 'id_str': '1115874631', 'name': 'CGTN', 'screen_name': 'CGTNOfficial', 'location': 'Beijing, China', 'url': 'http://www.CGTN.com', 'description': 'CGTN is an international media organization. It aims to provide global audiences with accurate and timely news coverage as well as rich audiovisual services.', 'translator_type': 'none', 'protected': False, 'verified': True, 'followers_count': 13411782, 'friends_count': 73, 'listed_count': 8165, 'favourites_count': 186, 'statuses_count': 203644, 'created_at': 'Thu Jan 24 03:18:59 +0000 2013', 'utc_offset': None, 'time_zone': None, 'geo_enabled': False, 'lang': None, 'contributors_enabled': False, 'is_translator': False, 'profile_background_color': '131516', 'profile_background_image_url': 'http://abs.twimg.com/images/themes/theme14/bg.gif', 'profile_background_image_url_https': 'https://abs.twimg.com/images/themes/theme14/bg.gif', 'profile_background_tile': True, 'profile_link_color': '009999', 'profile_sidebar_border_color': 'FFFFFF', 'profile_sidebar_fill_color': 'EFEFEF', 'profile_text_color': '333333', 'profile_use_background_image': True, 'profile_image_url': 'http://pbs.twimg.com/profile_images/1246467745975156738/hicJQmq0_normal.jpg', 'profile_image_url_https': 'https://pbs.twimg.com/profile_images/1246467745975156738/hicJQmq0_normal.jpg', 'profile_banner_url': 'https://pbs.twimg.com/profile_banners/1115874631/1586016045', 'default_profile': False, 'default_profile_image': False, 'following': None, 'follow_request_sent': None, 'notifications': None, 'withheld_in_countries': []}",,,,,False,,6,4,28,102,"{'hashtags': [{'text': 'Wuhan', 'indices': [7, 13]}, {'text': 'NationalDay2020', 'indices': [71, 87]}, {'text': 'HighSpeedRailTour', 'indices': [91, 109]}], 'urls': [], 'user_mentions': [], 'symbols': [], 'media': [{'id': 1311607405810122752, 'id_str': '1311607405810122752', 'indices': [110, 133], 'additional_media_info': {'title': '', 'description': '', 'embeddable': True, 'monetizable': False}, 'media_url': 'http://pbs.twimg.com/media/EjPIr2hU0AErAuO.jpg', 'media_url_https': 'https://pbs.twimg.com/media/EjPIr2hU0AErAuO.jpg', 'url': 'https://t.co/lkXCEmlTA5', 'display_url': 'pic.twitter.com/lkXCEmlTA5', 'expanded_url': 'https://twitter.com/CGTNOfficial/status/1311612827136790528/video/1', 'type': 'photo', 'sizes': {'thumb': {'w': 150, 'h': 150, 'resize': 'crop'}, 'large': {'w': 1920, 'h': 1080, 'resize': 'fit'}, 'medium': {'w': 1200, 'h': 675, 'resize': 'fit'}, 'small': {'w': 680, 'h': 383, 'resize': 'fit'}}}]}",False,False,False,low,en,[{'tag': None}],"{'media': [{'id': 1311607405810122752, 'id_str': '1311607405810122752', 'indices': [110, 133], 'additional_media_info': {'title': '', 'description': '', 'embeddable': True, 'monetizable': False}, 'media_url': 'http://pbs.twimg.com/media/EjPIr2hU0AErAuO.jpg', 'media_url_https': 'https://pbs.twimg.com/media/EjPIr2hU0AErAuO.jpg', 'url': 'https://t.co/lkXCEmlTA5', 'display_url': 'pic.twitter.com/lkXCEmlTA5', 'expanded_url': 'https://twitter.com/CGTNOfficial/status/1311612827136790528/video/1', 'type': 'video', 'video_info': {'aspect_ratio': [16, 9], 'duration_millis': 513640, 'variants': [{'content_type': 'application/x-mpegURL', 'url': 'https://video.twimg.com/amplify_video/1311607405810122752/pl/w8r8Fkm5zbK3bQkH.m3u8?tag=13'}, {'bitrate': 288000, 'content_type': 'video/mp4', 'url': 'https://video.twimg.com/amplify_video/1311607405810122752/vid/480x270/g6SAq6Z9_rbMusrG.mp4?tag=13'}, {'bitrate': 2176000, 'content_type': 'video/mp4', 'url': 'https://video.twimg.com/amplify_video/1311607405810122752/vid/1280x720/w0hG4u9Kg44yfAOS.mp4?tag=13'}, {'bitrate': 832000, 'content_type': 'video/mp4', 'url': 'https://video.twimg.com/amplify_video/1311607405810122752/vid/640x360/ctAII9lEFihqyvjt.mp4?tag=13'}]}, 'sizes': {'thumb': {'w': 150, 'h': 150, 'resize': 'crop'}, 'large': {'w': 1920, 'h': 1080, 'resize': 'fit'}, 'medium': {'w': 1200, 'h': 675, 'resize': 'fit'}, 'small': {'w': 680, 'h': 383, 'resize': 'fit'}}}]}",
Thu Oct 01 08:44:34 +0000 2020,1311587801343774720,1311587801343774720,"Wuhan celebrates China's National Day with creative flash mob #NationalDay2020 #HighSpeedRailTour
https://t.co/7xtQhwpyHk",,"<a href=""https://mobile.twitter.com"" rel=""nofollow"">Twitter Web App</a>",False,,,,,,"{'id': 1115874631, 'id_str': '1115874631', 'name': 'CGTN', 'screen_name': 'CGTNOfficial', 'location': 'Beijing, China', 'url': 'http://www.CGTN.com', 'description': 'CGTN is an international media organization. It aims to provide global audiences with accurate and timely news coverage as well as rich audiovisual services.', 'translator_type': 'none', 'protected': False, 'verified': True, 'followers_count': 13411782, 'friends_count': 73, 'listed_count': 8165, 'favourites_count': 186, 'statuses_count': 203644, 'created_at': 'Thu Jan 24 03:18:59 +0000 2013', 'utc_offset': None, 'time_zone': None, 'geo_enabled': False, 'lang': None, 'contributors_enabled': False, 'is_translator': False, 'profile_background_color': '131516', 'profile_background_image_url': 'http://abs.twimg.com/images/themes/theme14/bg.gif', 'profile_background_image_url_https': 'https://abs.twimg.com/images/themes/theme14/bg.gif', 'profile_background_tile': True, 'profile_link_color': '009999', 'profile_sidebar_border_color': 'FFFFFF', 'profile_sidebar_fill_color': 'EFEFEF', 'profile_text_color': '333333', 'profile_use_background_image': True, 'profile_image_url': 'http://pbs.twimg.com/profile_images/1246467745975156738/hicJQmq0_normal.jpg', 'profile_image_url_https': 'https://pbs.twimg.com/profile_images/1246467745975156738/hicJQmq0_normal.jpg', 'profile_banner_url': 'https://pbs.twimg.com/profile_banners/1115874631/1586016045', 'default_profile': False, 'default_profile_image': False, 'following': None, 'follow_request_sent': None, 'notifications': None, 'withheld_in_countries': []}",,,,,False,,3,5,7,59,"{'hashtags': [{'text': 'NationalDay2020', 'indices': [62, 78]}, {'text': 'HighSpeedRailTour', 'indices': [79, 97]}], 'urls': [{'url': 'https://t.co/7xtQhwpyHk', 'expanded_url': 'https://news.cgtn.com/news/2020-10-01/Wuhan-celebrates-China-s-National-Day-with-creative-flash-mob-UevQ24PQze/index.html', 'display_url': 'news.cgtn.com/news/2020-10-0…', 'indices': [98, 121]}], 'user_mentions': [], 'symbols': []}",False,False,False,low,en,[{'tag': None}],,
Thu Oct 01 08:07:14 +0000 2020,1311578407512109056,1311578407512109056,Live: Wuhan's Tanhualin celebrates #NationalDay and Mid-Autumn Day #MidAutumnFestival #HighSpeedRailTour https://t.co/jk0p8uIIUS,,"<a href=""https://periscope.tv"" rel=""nofollow"">Periscope</a>",False,,,,,,"{'id': 1115874631, 'id_str': '1115874631', 'name': 'CGTN', 'screen_name': 'CGTNOfficial', 'location': 'Beijing, China', 'url': 'http://www.CGTN.com', 'description': 'CGTN is an international media organization. It aims to provide global audiences with accurate and timely news coverage as well as rich audiovisual services.', 'translator_type': 'none', 'protected': False, 'verified': True, 'followers_count': 13411782, 'friends_count': 73, 'listed_count': 8165, 'favourites_count': 186, 'statuses_count': 203644, 'created_at': 'Thu Jan 24 03:18:59 +0000 2013', 'utc_offset': None, 'time_zone': None, 'geo_enabled': False, 'lang': None, 'contributors_enabled': False, 'is_translator': False, 'profile_background_color': '131516', 'profile_background_image_url': 'http://abs.twimg.com/images/themes/theme14/bg.gif', 'profile_background_image_url_https': 'https://abs.twimg.com/images/themes/theme14/bg.gif', 'profile_background_tile': True, 'profile_link_color': '009999', 'profile_sidebar_border_color': 'FFFFFF', 'profile_sidebar_fill_color': 'EFEFEF', 'profile_text_color': '333333', 'profile_use_background_image': True, 'profile_image_url': 'http://pbs.twimg.com/profile_images/1246467745975156738/hicJQmq0_normal.jpg', 'profile_image_url_https': 'https://pbs.twimg.com/profile_images/1246467745975156738/hicJQmq0_normal.jpg', 'profile_banner_url': 'https://pbs.twimg.com/profile_banners/1115874631/1586016045', 'default_profile': False, 'default_profile_image': False, 'following': None, 'follow_request_sent': None, 'notifications': None, 'withheld_in_countries': []}",,,,,False,,1,0,8,41,"{'hashtags': [{'text': 'NationalDay', 'indices': [35, 47]}, {'text': 'MidAutumnFestival', 'indices': [67, 85]}, {'text': 'HighSpeedRailTour', 'indices': [86, 104]}], 'urls': [{'url': 'https://t.co/jk0p8uIIUS', 'expanded_url': 'https://www.pscp.tv/w/ckQ0MjFkclFlWlBNeHJ2S2J8MWRSSlpaUWRnam1KQuRdty6LLeeoAwjTMfj2_ZJYmyTZvZC18Suz1vSmkMI-', 'display_url': 'pscp.tv/w/ckQ0MjFkclFl…', 'indices': [105, 128]}], 'user_mentions': [], 'symbols': []}",False,False,False,low,en,[{'tag': None}],,
Tue Sep 29 05:20:00 +0000 2020,1310811543005732866,1310811543005732866,"#Wuhan's 1,800-year-old Yellow Crane Tower will offer evening tours and a light show during the National Day celebr… https://t.co/9hNq6O5BfY","[0, 140]","<a href=""https://about.twitter.com/products/tweetdeck"" rel=""nofollow"">TweetDeck</a>",True,,,,,,"{'id': 1115874631, 'id_str': '1115874631', 'name': 'CGTN', 'screen_name': 'CGTNOfficial', 'location': 'Beijing, China', 'url': 'http://www.CGTN.com', 'description': 'CGTN is an international media organization. It aims to provide global audiences with accurate and timely news coverage as well as rich audiovisual services.', 'translator_type': 'none', 'protected': False, 'verified': True, 'followers_count': 13411782, 'friends_count': 73, 'listed_count': 8165, 'favourites_count': 186, 'statuses_count': 203644, 'created_at': 'Thu Jan 24 03:18:59 +0000 2013', 'utc_offset': None, 'time_zone': None, 'geo_enabled': False, 'lang': None, 'contributors_enabled': False, 'is_translator': False, 'profile_background_color': '131516', 'profile_background_image_url': 'http://abs.twimg.com/images/themes/theme14/bg.gif', 'profile_background_image_url_https': 'https://abs.twimg.com/images/themes/theme14/bg.gif', 'profile_background_tile': True, 'profile_link_color': '009999', 'profile_sidebar_border_color': 'FFFFFF', 'profile_sidebar_fill_color': 'EFEFEF', 'profile_text_color': '333333', 'profile_use_background_image': True, 'profile_image_url': 'http://pbs.twimg.com/profile_images/1246467745975156738/hicJQmq0_normal.jpg', 'profile_image_url_https': 'https://pbs.twimg.com/profile_images/1246467745975156738/hicJQmq0_normal.jpg', 'profile_banner_url': 'https://pbs.twimg.com/profile_banners/1115874631/1586016045', 'default_profile': False, 'default_profile_image': False, 'following': None, 'follow_request_sent': None, 'notifications': None, 'withheld_in_countries': []}",,,,,False,"{'full_text': ""#Wuhan's 1,800-year-old Yellow Crane Tower will offer evening tours and a light show during the National Day celebrations after the coronavirus outbreak to boost the city's nighttime economy and tourism https://t.co/05i40id7Cd https://t.co/NHyCFdJQ56"", 'display_text_range': [0, 226], 'entities': {'hashtags': [{'text': 'Wuhan', 'indices': [0, 6]}], 'urls': [{'url': 'https://t.co/05i40id7Cd', 'expanded_url': 'https://bit.ly/348qxCd', 'display_url': 'bit.ly/348qxCd', 'indices': [203, 226]}], 'user_mentions': [], 'symbols': [], 'media': [{'id': 1310796611262398465, 'id_str': '1310796611262398465', 'indices': [227, 250], 'media_url': 'http://pbs.twimg.com/media/EjDikrMUwAEX2j2.jpg', 'media_url_https': 'https://pbs.twimg.com/media/EjDikrMUwAEX2j2.jpg', 'url': 'https://t.co/NHyCFdJQ56', 'display_url': 'pic.twitter.com/NHyCFdJQ56', 'expanded_url': 'https://twitter.com/CGTNOfficial/status/1310811543005732866/photo/1', 'type': 'photo', 'sizes': {'small': {'w': 680, 'h': 484, 'resize': 'fit'}, 'thumb': {'w': 150, 'h': 150, 'resize': 'crop'}, 'large': {'w': 1024, 'h': 729, 'resize': 'fit'}, 'medium': {'w': 1024, 'h': 729, 'resize': 'fit'}}}, {'id': 1310796611270799360, 'id_str': '1310796611270799360', 'indices': [227, 250], 'media_url': 'http://pbs.twimg.com/media/EjDikrOU8AANk1Z.jpg', 'media_url_https': 'https://pbs.twimg.com/media/EjDikrOU8AANk1Z.jpg', 'url': 'https://t.co/NHyCFdJQ56', 'display_url': 'pic.twitter.com/NHyCFdJQ56', 'expanded_url': 'https://twitter.com/CGTNOfficial/status/1310811543005732866/photo/1', 'type': 'photo', 'sizes': {'medium': {'w': 1024, 'h': 683, 'resize': 'fit'}, 'thumb': {'w': 150, 'h': 150, 'resize': 'crop'}, 'small': {'w': 680, 'h': 454, 'resize': 'fit'}, 'large': {'w': 1024, 'h': 683, 'resize': 'fit'}}}, {'id': 1310796629264314368, 'id_str': '1310796629264314368', 'indices': [227, 250], 'media_url': 'http://pbs.twimg.com/media/EjDiluQUMAAwe5d.jpg', 'media_url_https': 'https://pbs.twimg.com/media/EjDiluQUMAAwe5d.jpg', 'url': 'https://t.co/NHyCFdJQ56', 'display_url': 'pic.twitter.com/NHyCFdJQ56', 'expanded_url': 'https://twitter.com/CGTNOfficial/status/1310811543005732866/photo/1', 'type': 'photo', 'sizes': {'medium': {'w': 1024, 'h': 683, 'resize': 'fit'}, 'thumb': {'w': 150, 'h': 150, 'resize': 'crop'}, 'large': {'w': 1024, 'h': 683, 'resize': 'fit'}, 'small': {'w': 680, 'h': 454, 'resize': 'fit'}}}, {'id': 1310796629268545541, 'id_str': '1310796629268545541', 'indices': [227, 250], 'media_url': 'http://pbs.twimg.com/media/EjDiluRUwAUOVtl.jpg', 'media_url_https': 'https://pbs.twimg.com/media/EjDiluRUwAUOVtl.jpg', 'url': 'https://t.co/NHyCFdJQ56', 'display_url': 'pic.twitter.com/NHyCFdJQ56', 'expanded_url': 'https://twitter.com/CGTNOfficial/status/1310811543005732866/photo/1', 'type': 'photo', 'sizes': {'large': {'w': 1024, 'h': 683, 'resize': 'fit'}, 'thumb': {'w': 150, 'h': 150, 'resize': 'crop'}, 'medium': {'w': 1024, 'h': 683, 'resize': 'fit'}, 'small': {'w': 680, 'h': 454, 'resize': 'fit'}}}]}, 'extended_entities': {'media': [{'id': 1310796611262398465, 'id_str': '1310796611262398465', 'indices': [227, 250], 'media_url': 'http://pbs.twimg.com/media/EjDikrMUwAEX2j2.jpg', 'media_url_https': 'https://pbs.twimg.com/media/EjDikrMUwAEX2j2.jpg', 'url': 'https://t.co/NHyCFdJQ56', 'display_url': 'pic.twitter.com/NHyCFdJQ56', 'expanded_url': 'https://twitter.com/CGTNOfficial/status/1310811543005732866/photo/1', 'type': 'photo', 'sizes': {'small': {'w': 680, 'h': 484, 'resize': 'fit'}, 'thumb': {'w': 150, 'h': 150, 'resize': 'crop'}, 'large': {'w': 1024, 'h': 729, 'resize': 'fit'}, 'medium': {'w': 1024, 'h': 729, 'resize': 'fit'}}}, {'id': 1310796611270799360, 'id_str': '1310796611270799360', 'indices': [227, 250], 'media_url': 'http://pbs.twimg.com/media/EjDikrOU8AANk1Z.jpg', 'media_url_https': 'https://pbs.twimg.com/media/EjDikrOU8AANk1Z.jpg', 'url': 'https://t.co/NHyCFdJQ56', 'display_url': 'pic.twitter.com/NHyCFdJQ56', 'expanded_url': 'https://twitter.com/CGTNOfficial/status/1310811543005732866/photo/1', 'type': 'photo', 'sizes': {'medium': {'w': 1024, 'h': 683, 'resize': 'fit'}, 'thumb': {'w': 150, 'h': 150, 'resize': 'crop'}, 'small': {'w': 680, 'h': 454, 'resize': 'fit'}, 'large': {'w': 1024, 'h': 683, 'resize': 'fit'}}}, {'id': 1310796629264314368, 'id_str': '1310796629264314368', 'indices': [227, 250], 'media_url': 'http://pbs.twimg.com/media/EjDiluQUMAAwe5d.jpg', 'media_url_https': 'https://pbs.twimg.com/media/EjDiluQUMAAwe5d.jpg', 'url': 'https://t.co/NHyCFdJQ56', 'display_url': 'pic.twitter.com/NHyCFdJQ56', 'expanded_url': 'https://twitter.com/CGTNOfficial/status/1310811543005732866/photo/1', 'type': 'photo', 'sizes': {'medium': {'w': 1024, 'h': 683, 'resize': 'fit'}, 'thumb': {'w': 150, 'h': 150, 'resize': 'crop'}, 'large': {'w': 1024, 'h': 683, 'resize': 'fit'}, 'small': {'w': 680, 'h': 454, 'resize': 'fit'}}}, {'id': 1310796629268545541, 'id_str': '1310796629268545541', 'indices': [227, 250], 'media_url': 'http://pbs.twimg.com/media/EjDiluRUwAUOVtl.jpg', 'media_url_https': 'https://pbs.twimg.com/media/EjDiluRUwAUOVtl.jpg', 'url': 'https://t.co/NHyCFdJQ56', 'display_url': 'pic.twitter.com/NHyCFdJQ56', 'expanded_url': 'https://twitter.com/CGTNOfficial/status/1310811543005732866/photo/1', 'type': 'photo', 'sizes': {'large': {'w': 1024, 'h': 683, 'resize': 'fit'}, 'thumb': {'w': 150, 'h': 150, 'resize': 'crop'}, 'medium': {'w': 1024, 'h': 683, 'resize': 'fit'}, 'small': {'w': 680, 'h': 454, 'resize': 'fit'}}}]}}",3,3,29,91,"{'hashtags': [{'text': 'Wuhan', 'indices': [0, 6]}], 'urls': [{'url': 'https://t.co/9hNq6O5BfY', 'expanded_url': 'https://twitter.com/i/web/status/1310811543005732866', 'display_url': 'twitter.com/i/web/status/1…', 'indices': [117, 140]}], 'user_mentions': [], 'symbols': []}",False,False,False,low,en,[{'tag': None}],,
Mon Sep 28 07:40:00 +0000 2020,1310484387272814592,1310484387272814592,#Wuhan's iconic Yellow Crane Tower will offer evening tours as the city looks to boost its nighttime economy and to… https://t.co/s78MbiHhWL,"[0, 140]","<a href=""https://about.twitter.com/products/tweetdeck"" rel=""nofollow"">TweetDeck</a>",True,,,,,,"{'id': 1115874631, 'id_str': '1115874631', 'name': 'CGTN', 'screen_name': 'CGTNOfficial', 'location': 'Beijing, China', 'url': 'http://www.CGTN.com', 'description': 'CGTN is an international media organization. It aims to provide global audiences with accurate and timely news coverage as well as rich audiovisual services.', 'translator_type': 'none', 'protected': False, 'verified': True, 'followers_count': 13411782, 'friends_count': 73, 'listed_count': 8165, 'favourites_count': 186, 'statuses_count': 203644, 'created_at': 'Thu Jan 24 03:18:59 +0000 2013', 'utc_offset': None, 'time_zone': None, 'geo_enabled': False, 'lang': None, 'contributors_enabled': False, 'is_translator': False, 'profile_background_color': '131516', 'profile_background_image_url': 'http://abs.twimg.com/images/themes/theme14/bg.gif', 'profile_background_image_url_https': 'https://abs.twimg.com/images/themes/theme14/bg.gif', 'profile_background_tile': True, 'profile_link_color': '009999', 'profile_sidebar_border_color': 'FFFFFF', 'profile_sidebar_fill_color': 'EFEFEF', 'profile_text_color': '333333', 'profile_use_background_image': True, 'profile_image_url': 'http://pbs.twimg.com/profile_images/1246467745975156738/hicJQmq0_normal.jpg', 'profile_image_url_https': 'https://pbs.twimg.com/profile_images/1246467745975156738/hicJQmq0_normal.jpg', 'profile_banner_url': 'https://pbs.twimg.com/profile_banners/1115874631/1586016045', 'default_profile': False, 'default_profile_image': False, 'following': None, 'follow_request_sent': None, 'notifications': None, 'withheld_in_countries': []}",,,,,False,"{'full_text': ""#Wuhan's iconic Yellow Crane Tower will offer evening tours as the city looks to boost its nighttime economy and tourism after bringing the COVID-19 epidemic under control. https://t.co/CdQ7LLAjTG"", 'display_text_range': [0, 172], 'entities': {'hashtags': [{'text': 'Wuhan', 'indices': [0, 6]}], 'urls': [], 'user_mentions': [], 'symbols': [], 'media': [{'id': 1310475771455045634, 'id_str': '1310475771455045634', 'indices': [173, 196], 'media_url': 'http://pbs.twimg.com/media/Ei--xVxVgAIQbWo.jpg', 'media_url_https': 'https://pbs.twimg.com/media/Ei--xVxVgAIQbWo.jpg', 'url': 'https://t.co/CdQ7LLAjTG', 'display_url': 'pic.twitter.com/CdQ7LLAjTG', 'expanded_url': 'https://twitter.com/CGTNOfficial/status/1310484387272814592/photo/1', 'type': 'photo', 'sizes': {'thumb': {'w': 150, 'h': 150, 'resize': 'crop'}, 'small': {'w': 680, 'h': 453, 'resize': 'fit'}, 'large': {'w': 1024, 'h': 682, 'resize': 'fit'}, 'medium': {'w': 1024, 'h': 682, 'resize': 'fit'}}}, {'id': 1310475794297225216, 'id_str': '1310475794297225216', 'indices': [173, 196], 'media_url': 'http://pbs.twimg.com/media/Ei--yq3VgAAIT_V.jpg', 'media_url_https': 'https://pbs.twimg.com/media/Ei--yq3VgAAIT_V.jpg', 'url': 'https://t.co/CdQ7LLAjTG', 'display_url': 'pic.twitter.com/CdQ7LLAjTG', 'expanded_url': 'https://twitter.com/CGTNOfficial/status/1310484387272814592/photo/1', 'type': 'photo', 'sizes': {'thumb': {'w': 150, 'h': 150, 'resize': 'crop'}, 'medium': {'w': 672, 'h': 1024, 'resize': 'fit'}, 'large': {'w': 672, 'h': 1024, 'resize': 'fit'}, 'small': {'w': 446, 'h': 680, 'resize': 'fit'}}}, {'id': 1310475817445597185, 'id_str': '1310475817445597185', 'indices': [173, 196], 'media_url': 'http://pbs.twimg.com/media/Ei--0BGVoAEz0mH.jpg', 'media_url_https': 'https://pbs.twimg.com/media/Ei--0BGVoAEz0mH.jpg', 'url': 'https://t.co/CdQ7LLAjTG', 'display_url': 'pic.twitter.com/CdQ7LLAjTG', 'expanded_url': 'https://twitter.com/CGTNOfficial/status/1310484387272814592/photo/1', 'type': 'photo', 'sizes': {'thumb': {'w': 150, 'h': 150, 'resize': 'crop'}, 'large': {'w': 1024, 'h': 576, 'resize': 'fit'}, 'small': {'w': 680, 'h': 383, 'resize': 'fit'}, 'medium': {'w': 1024, 'h': 576, 'resize': 'fit'}}}, {'id': 1310475889709252608, 'id_str': '1310475889709252608', 'indices': [173, 196], 'media_url': 'http://pbs.twimg.com/media/Ei--4OTVgAATAfg.jpg', 'media_url_https': 'https://pbs.twimg.com/media/Ei--4OTVgAATAfg.jpg', 'url': 'https://t.co/CdQ7LLAjTG', 'display_url': 'pic.twitter.com/CdQ7LLAjTG', 'expanded_url': 'https://twitter.com/CGTNOfficial/status/1310484387272814592/photo/1', 'type': 'photo', 'sizes': {'small': {'w': 680, 'h': 383, 'resize': 'fit'}, 'thumb': {'w': 150, 'h': 150, 'resize': 'crop'}, 'large': {'w': 1024, 'h': 576, 'resize': 'fit'}, 'medium': {'w': 1024, 'h': 576, 'resize': 'fit'}}}]}, 'extended_entities': {'media': [{'id': 1310475771455045634, 'id_str': '1310475771455045634', 'indices': [173, 196], 'media_url': 'http://pbs.twimg.com/media/Ei--xVxVgAIQbWo.jpg', 'media_url_https': 'https://pbs.twimg.com/media/Ei--xVxVgAIQbWo.jpg', 'url': 'https://t.co/CdQ7LLAjTG', 'display_url': 'pic.twitter.com/CdQ7LLAjTG', 'expanded_url': 'https://twitter.com/CGTNOfficial/status/1310484387272814592/photo/1', 'type': 'photo', 'sizes': {'thumb': {'w': 150, 'h': 150, 'resize': 'crop'}, 'small': {'w': 680, 'h': 453, 'resize': 'fit'}, 'large': {'w': 1024, 'h': 682, 'resize': 'fit'}, 'medium': {'w': 1024, 'h': 682, 'resize': 'fit'}}}, {'id': 1310475794297225216, 'id_str': '1310475794297225216', 'indices': [173, 196], 'media_url': 'http://pbs.twimg.com/media/Ei--yq3VgAAIT_V.jpg', 'media_url_https': 'https://pbs.twimg.com/media/Ei--yq3VgAAIT_V.jpg', 'url': 'https://t.co/CdQ7LLAjTG', 'display_url': 'pic.twitter.com/CdQ7LLAjTG', 'expanded_url': 'https://twitter.com/CGTNOfficial/status/1310484387272814592/photo/1', 'type': 'photo', 'sizes': {'thumb': {'w': 150, 'h': 150, 'resize': 'crop'}, 'medium': {'w': 672, 'h': 1024, 'resize': 'fit'}, 'large': {'w': 672, 'h': 1024, 'resize': 'fit'}, 'small': {'w': 446, 'h': 680, 'resize': 'fit'}}}, {'id': 1310475817445597185, 'id_str': '1310475817445597185', 'indices': [173, 196], 'media_url': 'http://pbs.twimg.com/media/Ei--0BGVoAEz0mH.jpg', 'media_url_https': 'https://pbs.twimg.com/media/Ei--0BGVoAEz0mH.jpg', 'url': 'https://t.co/CdQ7LLAjTG', 'display_url': 'pic.twitter.com/CdQ7LLAjTG', 'expanded_url': 'https://twitter.com/CGTNOfficial/status/1310484387272814592/photo/1', 'type': 'photo', 'sizes': {'thumb': {'w': 150, 'h': 150, 'resize': 'crop'}, 'large': {'w': 1024, 'h': 576, 'resize': 'fit'}, 'small': {'w': 680, 'h': 383, 'resize': 'fit'}, 'medium': {'w': 1024, 'h': 576, 'resize': 'fit'}}}, {'id': 1310475889709252608, 'id_str': '1310475889709252608', 'indices': [173, 196], 'media_url': 'http://pbs.twimg.com/media/Ei--4OTVgAATAfg.jpg', 'media_url_https': 'https://pbs.twimg.com/media/Ei--4OTVgAATAfg.jpg', 'url': 'https://t.co/CdQ7LLAjTG', 'display_url': 'pic.twitter.com/CdQ7LLAjTG', 'expanded_url': 'https://twitter.com/CGTNOfficial/status/1310484387272814592/photo/1', 'type': 'photo', 'sizes': {'small': {'w': 680, 'h': 383, 'resize': 'fit'}, 'thumb': {'w': 150, 'h': 150, 'resize': 'crop'}, 'large': {'w': 1024, 'h': 576, 'resize': 'fit'}, 'medium': {'w': 1024, 'h': 576, 'resize': 'fit'}}}]}}",5,0,18,138,"{'hashtags': [{'text': 'Wuhan', 'indices': [0, 6]}], 'urls': [{'url': 'https://t.co/s78MbiHhWL', 'expanded_url': 'https://twitter.com/i/web/status/1310484387272814592', 'display_url': 'twitter.com/i/web/status/1…', 'indices': [117, 140]}], 'user_mentions': [], 'symbols': []}",False,False,False,low,en,[{'tag': None}],,
Sun Sep 27 04:00:00 +0000 2020,1310066634560856071,1310066634560856071,"A total of 40,000 national flags were hung overnight in the streets of central China's #Wuhan City before #China's… https://t.co/dqxZtJVEJT","[0, 140]","<a href=""https://about.twitter.com/products/tweetdeck"" rel=""nofollow"">TweetDeck</a>",True,,,,,,"{'id': 1115874631, 'id_str': '1115874631', 'name': 'CGTN', 'screen_name': 'CGTNOfficial', 'location': 'Beijing, China', 'url': 'http://www.CGTN.com', 'description': 'CGTN is an international media organization. It aims to provide global audiences with accurate and timely news coverage as well as rich audiovisual services.', 'translator_type': 'none', 'protected': False, 'verified': True, 'followers_count': 13411782, 'friends_count': 73, 'listed_count': 8165, 'favourites_count': 186, 'statuses_count': 203644, 'created_at': 'Thu Jan 24 03:18:59 +0000 2013', 'utc_offset': None, 'time_zone': None, 'geo_enabled': False, 'lang': None, 'contributors_enabled': False, 'is_translator': False, 'profile_background_color': '131516', 'profile_background_image_url': 'http://abs.twimg.com/images/themes/theme14/bg.gif', 'profile_background_image_url_https': 'https://abs.twimg.com/images/themes/theme14/bg.gif', 'profile_background_tile': True, 'profile_link_color': '009999', 'profile_sidebar_border_color': 'FFFFFF', 'profile_sidebar_fill_color': 'EFEFEF', 'profile_text_color': '333333', 'profile_use_background_image': True, 'profile_image_url': 'http://pbs.twimg.com/profile_images/1246467745975156738/hicJQmq0_normal.jpg', 'profile_image_url_https': 'https://pbs.twimg.com/profile_images/1246467745975156738/hicJQmq0_normal.jpg', 'profile_banner_url': 'https://pbs.twimg.com/profile_banners/1115874631/1586016045', 'default_profile': False, 'default_profile_image': False, 'following': None, 'follow_request_sent': None, 'notifications': None, 'withheld_in_countries': []}",,,,,False,"{'full_text': ""A total of 40,000 national flags were hung overnight in the streets of central China's #Wuhan City before #China's National Day on October 1. https://t.co/CZFrOP35eH"", 'display_text_range': [0, 141], 'entities': {'hashtags': [{'text': 'Wuhan', 'indices': [87, 93]}, {'text': 'China', 'indices': [106, 112]}], 'urls': [], 'user_mentions': [], 'symbols': [], 'media': [{'id': 1310046554770735106, 'id_str': '1310046554770735106', 'indices': [142, 165], 'media_url': 'http://pbs.twimg.com/media/Ei44ZpBVgAIvMTa.jpg', 'media_url_https': 'https://pbs.twimg.com/media/Ei44ZpBVgAIvMTa.jpg', 'url': 'https://t.co/CZFrOP35eH', 'display_url': 'pic.twitter.com/CZFrOP35eH', 'expanded_url': 'https://twitter.com/CGTNOfficial/status/1310066634560856071/photo/1', 'type': 'photo', 'sizes': {'thumb': {'w': 150, 'h': 150, 'resize': 'crop'}, 'large': {'w': 600, 'h': 882, 'resize': 'fit'}, 'medium': {'w': 600, 'h': 882, 'resize': 'fit'}, 'small': {'w': 463, 'h': 680, 'resize': 'fit'}}}, {'id': 1310046554774859776, 'id_str': '1310046554774859776', 'indices': [142, 165], 'media_url': 'http://pbs.twimg.com/media/Ei44ZpCUcAAvBwm.jpg', 'media_url_https': 'https://pbs.twimg.com/media/Ei44ZpCUcAAvBwm.jpg', 'url': 'https://t.co/CZFrOP35eH', 'display_url': 'pic.twitter.com/CZFrOP35eH', 'expanded_url': 'https://twitter.com/CGTNOfficial/status/1310066634560856071/photo/1', 'type': 'photo', 'sizes': {'thumb': {'w': 150, 'h': 150, 'resize': 'crop'}, 'small': {'w': 600, 'h': 405, 'resize': 'fit'}, 'medium': {'w': 600, 'h': 405, 'resize': 'fit'}, 'large': {'w': 600, 'h': 405, 'resize': 'fit'}}}, {'id': 1310046621476896769, 'id_str': '1310046621476896769', 'indices': [142, 165], 'media_url': 'http://pbs.twimg.com/media/Ei44dhhUwAEk4cr.jpg', 'media_url_https': 'https://pbs.twimg.com/media/Ei44dhhUwAEk4cr.jpg', 'url': 'https://t.co/CZFrOP35eH', 'display_url': 'pic.twitter.com/CZFrOP35eH', 'expanded_url': 'https://twitter.com/CGTNOfficial/status/1310066634560856071/photo/1', 'type': 'photo', 'sizes': {'thumb': {'w': 150, 'h': 150, 'resize': 'crop'}, 'medium': {'w': 690, 'h': 980, 'resize': 'fit'}, 'large': {'w': 690, 'h': 980, 'resize': 'fit'}, 'small': {'w': 479, 'h': 680, 'resize': 'fit'}}}]}, 'extended_entities': {'media': [{'id': 1310046554770735106, 'id_str': '1310046554770735106', 'indices': [142, 165], 'media_url': 'http://pbs.twimg.com/media/Ei44ZpBVgAIvMTa.jpg', 'media_url_https': 'https://pbs.twimg.com/media/Ei44ZpBVgAIvMTa.jpg', 'url': 'https://t.co/CZFrOP35eH', 'display_url': 'pic.twitter.com/CZFrOP35eH', 'expanded_url': 'https://twitter.com/CGTNOfficial/status/1310066634560856071/photo/1', 'type': 'photo', 'sizes': {'thumb': {'w': 150, 'h': 150, 'resize': 'crop'}, 'large': {'w': 600, 'h': 882, 'resize': 'fit'}, 'medium': {'w': 600, 'h': 882, 'resize': 'fit'}, 'small': {'w': 463, 'h': 680, 'resize': 'fit'}}}, {'id': 1310046554774859776, 'id_str': '1310046554774859776', 'indices': [142, 165], 'media_url': 'http://pbs.twimg.com/media/Ei44ZpCUcAAvBwm.jpg', 'media_url_https': 'https://pbs.twimg.com/media/Ei44ZpCUcAAvBwm.jpg', 'url': 'https://t.co/CZFrOP35eH', 'display_url': 'pic.twitter.com/CZFrOP35eH', 'expanded_url': 'https://twitter.com/CGTNOfficial/status/1310066634560856071/photo/1', 'type': 'photo', 'sizes': {'thumb': {'w': 150, 'h': 150, 'resize': 'crop'}, 'small': {'w': 600, 'h': 405, 'resize': 'fit'}, 'medium': {'w': 600, 'h': 405, 'resize': 'fit'}, 'large': {'w': 600, 'h': 405, 'resize': 'fit'}}}, {'id': 1310046621476896769, 'id_str': '1310046621476896769', 'indices': [142, 165], 'media_url': 'http://pbs.twimg.com/media/Ei44dhhUwAEk4cr.jpg', 'media_url_https': 'https://pbs.twimg.com/media/Ei44dhhUwAEk4cr.jpg', 'url': 'https://t.co/CZFrOP35eH', 'display_url': 'pic.twitter.com/CZFrOP35eH', 'expanded_url': 'https://twitter.com/CGTNOfficial/status/1310066634560856071/photo/1', 'type': 'photo', 'sizes': {'thumb': {'w': 150, 'h': 150, 'resize': 'crop'}, 'medium': {'w': 690, 'h': 980, 'resize': 'fit'}, 'large': {'w': 690, 'h': 980, 'resize': 'fit'}, 'small': {'w': 479, 'h': 680, 'resize': 'fit'}}}]}}",2,5,9,64,"{'hashtags': [{'text': 'Wuhan', 'indices': [87, 93]}, {'text': 'China', 'indices': [106, 112]}], 'urls': [{'url': 'https://t.co/dqxZtJVEJT', 'expanded_url': 'https://twitter.com/i/web/status/1310066634560856071', 'display_url': 'twitter.com/i/web/status/1…', 'indices': [116, 139]}], 'user_mentions': [], 'symbols': []}",False,False,False,low,en,[{'tag': None}],,
Sun Sep 20 03:00:01 +0000 2020,1307514824859856896,1307514824859856896,First tourist train since #COVID19 epidemic departs #Wuhan https://t.co/ztc1bzAIT1,,"<a href=""https://about.twitter.com/products/tweetdeck"" rel=""nofollow"">TweetDeck</a>",False,,,,,,"{'id': 1115874631, 'id_str': '1115874631', 'name': 'CGTN', 'screen_name': 'CGTNOfficial', 'location': 'Beijing, China', 'url': 'http://www.CGTN.com', 'description': 'CGTN is an international media organization. It aims to provide global audiences with accurate and timely news coverage as well as rich audiovisual services.', 'translator_type': 'none', 'protected': False, 'verified': True, 'followers_count': 13411782, 'friends_count': 73, 'listed_count': 8165, 'favourites_count': 186, 'statuses_count': 203644, 'created_at': 'Thu Jan 24 03:18:59 +0000 2013', 'utc_offset': None, 'time_zone': None, 'geo_enabled': False, 'lang': None, 'contributors_enabled': False, 'is_translator': False, 'profile_background_color': '131516', 'profile_background_image_url': 'http://abs.twimg.com/images/themes/theme14/bg.gif', 'profile_background_image_url_https': 'https://abs.twimg.com/images/themes/theme14/bg.gif', 'profile_background_tile': True, 'profile_link_color': '009999', 'profile_sidebar_border_color': 'FFFFFF', 'profile_sidebar_fill_color': 'EFEFEF', 'profile_text_color': '333333', 'profile_use_background_image': True, 'profile_image_url': 'http://pbs.twimg.com/profile_images/1246467745975156738/hicJQmq0_normal.jpg', 'profile_image_url_https': 'https://pbs.twimg.com/profile_images/1246467745975156738/hicJQmq0_normal.jpg', 'profile_banner_url': 'https://pbs.twimg.com/profile_banners/1115874631/1586016045', 'default_profile': False, 'default_profile_image': False, 'following': None, 'follow_request_sent': None, 'notifications': None, 'withheld_in_countries': []}",,,,,False,,0,1,3,32,"{'hashtags': [{'text': 'COVID19', 'indices': [26, 34]}, {'text': 'Wuhan', 'indices': [52, 58]}], 'urls': [{'url': 'https://t.co/ztc1bzAIT1', 'expanded_url': 'https://news.cgtn.com/news/2020-09-20/First-tourist-train-since-COVID-19-epidemic-departs-Wuhan-TVOvXibFC0/index.html', 'display_url': 'news.cgtn.com/news/2020-09-2…', 'indices': [59, 82]}], 'user_mentions': [], 'symbols': []}",False,False,False,low,en,[{'tag': None}],,
