created_at,id,id_str,text,source,truncated,in_reply_to_status_id,in_reply_to_status_id_str,in_reply_to_user_id,in_reply_to_user_id_str,in_reply_to_screen_name,user,geo,coordinates,place,contributors,is_quote_status,extended_tweet,quote_count,reply_count,retweet_count,favorite_count,entities,favorited,retweeted,possibly_sensitive,filter_level,lang,matching_rules,retweeted_status
Thu Jan 30 18:12:53 +0000 2020,1222945795265191938,1222945795265191938,"BREAKING: The first case of person-to-person spread of a new virus from China has been reported in the U.S., health… https://t.co/3LMqEBJvCH","<a href=""http://www.socialflow.com"" rel=""nofollow"">SocialFlow</a>",True,,,,,,"{'id': 51241574, 'id_str': '51241574', 'name': 'The Associated Press', 'screen_name': 'AP', 'location': 'Global', 'url': 'https://apnews.com/', 'description': 'News from The Associated Press, and a taste of the great journalism produced by AP members and customers.', 'translator_type': 'none', 'protected': False, 'verified': True, 'followers_count': 15393580, 'friends_count': 6843, 'listed_count': 101973, 'favourites_count': 3675, 'statuses_count': 305428, 'created_at': 'Fri Jun 26 21:48:52 +0000 2009', 'utc_offset': None, 'time_zone': None, 'geo_enabled': False, 'lang': None, 'contributors_enabled': False, 'is_translator': False, 'profile_background_color': '333333', 'profile_background_image_url': 'http://abs.twimg.com/images/themes/theme1/bg.png', 'profile_background_image_url_https': 'https://abs.twimg.com/images/themes/theme1/bg.png', 'profile_background_tile': False, 'profile_link_color': 'CC3300', 'profile_sidebar_border_color': 'FFFFFF', 'profile_sidebar_fill_color': 'CCCCCC', 'profile_text_color': '333333', 'profile_use_background_image': True, 'profile_image_url': 'http://pbs.twimg.com/profile_images/461964160838803457/8z9FImcv_normal.png', 'profile_image_url_https': 'https://pbs.twimg.com/profile_images/461964160838803457/8z9FImcv_normal.png', 'profile_banner_url': 'https://pbs.twimg.com/profile_banners/51241574/1638483576', 'default_profile': False, 'default_profile_image': False, 'following': None, 'follow_request_sent': None, 'notifications': None, 'withheld_in_countries': []}",,,,,False,"{'full_text': 'BREAKING: The first case of person-to-person spread of a new virus from China has been reported in the U.S., health officials say. The patient is the husband of a Chicago woman who got sick from the virus after she returned from a trip to Wuhan, China. https://t.co/5QCC6ifJmR', 'display_text_range': [0, 276], 'entities': {'hashtags': [], 'urls': [{'url': 'https://t.co/5QCC6ifJmR', 'expanded_url': 'http://apne.ws/lL6u8Jb', 'display_url': 'apne.ws/lL6u8Jb', 'indices': [253, 276]}], 'user_mentions': [], 'symbols': []}}",141,87,674,634,"{'hashtags': [], 'urls': [{'url': 'https://t.co/3LMqEBJvCH', 'expanded_url': 'https://twitter.com/i/web/status/1222945795265191938', 'display_url': 'twitter.com/i/web/status/1…', 'indices': [117, 140]}], 'user_mentions': [], 'symbols': []}",False,False,False,low,en,[{'tag': None}],
Mon Feb 03 06:26:06 +0000 2020,1224217479825805312,1224217479825805312,"Patients have been arriving at a 1,000-bed hospital in Wuhan, built in just 10 days by a 7,000-member crew. It is p… https://t.co/ZSqnI6RbNi","<a href=""http://www.socialflow.com"" rel=""nofollow"">SocialFlow</a>",True,,,,,,"{'id': 51241574, 'id_str': '51241574', 'name': 'The Associated Press', 'screen_name': 'AP', 'location': 'Global', 'url': 'https://apnews.com/', 'description': 'News from The Associated Press, and a taste of the great journalism produced by AP members and customers.', 'translator_type': 'none', 'protected': False, 'verified': True, 'followers_count': 15393580, 'friends_count': 6843, 'listed_count': 101973, 'favourites_count': 3675, 'statuses_count': 305428, 'created_at': 'Fri Jun 26 21:48:52 +0000 2009', 'utc_offset': None, 'time_zone': None, 'geo_enabled': False, 'lang': None, 'contributors_enabled': False, 'is_translator': False, 'profile_background_color': '333333', 'profile_background_image_url': 'http://abs.twimg.com/images/themes/theme1/bg.png', 'profile_background_image_url_https': 'https://abs.twimg.com/images/themes/theme1/bg.png', 'profile_background_tile': False, 'profile_link_color': 'CC3300', 'profile_sidebar_border_color': 'FFFFFF', 'profile_sidebar_fill_color': 'CCCCCC', 'profile_text_color': '333333', 'profile_use_background_image': True, 'profile_image_url': 'http://pbs.twimg.com/profile_images/461964160838803457/8z9FImcv_normal.png', 'profile_image_url_https': 'https://pbs.twimg.com/profile_images/461964160838803457/8z9FImcv_normal.png', 'profile_banner_url': 'https://pbs.twimg.com/profile_banners/51241574/1638483576', 'default_profile': False, 'default_profile_image': False, 'following': None, 'follow_request_sent': None, 'notifications': None, 'withheld_in_countries': []}",,,,,False,"{'full_text': ""Patients have been arriving at a 1,000-bed hospital in Wuhan, built in just 10 days by a 7,000-member crew. It is part of China's intensive efforts to fight a new virus. The hospital is staffed by 1,400 doctors, nurses and other personnel. https://t.co/XKyP5bT8CP"", 'display_text_range': [0, 263], 'entities': {'hashtags': [], 'urls': [{'url': 'https://t.co/XKyP5bT8CP', 'expanded_url': 'http://apne.ws/peJ6igT', 'display_url': 'apne.ws/peJ6igT', 'indices': [240, 263]}], 'user_mentions': [], 'symbols': []}}",113,84,544,1100,"{'hashtags': [], 'urls': [{'url': 'https://t.co/ZSqnI6RbNi', 'expanded_url': 'https://twitter.com/i/web/status/1224217479825805312', 'display_url': 'twitter.com/i/web/status/1…', 'indices': [117, 140]}], 'user_mentions': [], 'symbols': []}",False,False,False,low,en,[{'tag': None}],
Sun Jan 26 03:49:00 +0000 2020,1221278842263867396,1221278842263867396,BREAKING: The U.S. Consulate in the epidemic-stricken Chinese city of Wuhan will evacuate its personnel and some pr… https://t.co/gioyRSs9o8,"<a href=""http://www.socialflow.com"" rel=""nofollow"">SocialFlow</a>",True,,,,,,"{'id': 51241574, 'id_str': '51241574', 'name': 'The Associated Press', 'screen_name': 'AP', 'location': 'Global', 'url': 'https://apnews.com/', 'description': 'News from The Associated Press, and a taste of the great journalism produced by AP members and customers.', 'translator_type': 'none', 'protected': False, 'verified': True, 'followers_count': 15393580, 'friends_count': 6843, 'listed_count': 101973, 'favourites_count': 3675, 'statuses_count': 305428, 'created_at': 'Fri Jun 26 21:48:52 +0000 2009', 'utc_offset': None, 'time_zone': None, 'geo_enabled': False, 'lang': None, 'contributors_enabled': False, 'is_translator': False, 'profile_background_color': '333333', 'profile_background_image_url': 'http://abs.twimg.com/images/themes/theme1/bg.png', 'profile_background_image_url_https': 'https://abs.twimg.com/images/themes/theme1/bg.png', 'profile_background_tile': False, 'profile_link_color': 'CC3300', 'profile_sidebar_border_color': 'FFFFFF', 'profile_sidebar_fill_color': 'CCCCCC', 'profile_text_color': '333333', 'profile_use_background_image': True, 'profile_image_url': 'http://pbs.twimg.com/profile_images/461964160838803457/8z9FImcv_normal.png', 'profile_image_url_https': 'https://pbs.twimg.com/profile_images/461964160838803457/8z9FImcv_normal.png', 'profile_banner_url': 'https://pbs.twimg.com/profile_banners/51241574/1638483576', 'default_profile': False, 'default_profile_image': False, 'following': None, 'follow_request_sent': None, 'notifications': None, 'withheld_in_countries': []}",,,,,False,"{'full_text': 'BREAKING: The U.S. Consulate in the epidemic-stricken Chinese city of Wuhan will evacuate its personnel and some private citizens aboard a charter flight Tuesday. https://t.co/oJJ6JCf85D', 'display_text_range': [0, 186], 'entities': {'hashtags': [], 'urls': [{'url': 'https://t.co/oJJ6JCf85D', 'expanded_url': 'http://apne.ws/SqfXwIf', 'display_url': 'apne.ws/SqfXwIf', 'indices': [163, 186]}], 'user_mentions': [], 'symbols': []}}",90,110,478,670,"{'hashtags': [], 'urls': [{'url': 'https://t.co/gioyRSs9o8', 'expanded_url': 'https://twitter.com/i/web/status/1221278842263867396', 'display_url': 'twitter.com/i/web/status/1…', 'indices': [117, 140]}], 'user_mentions': [], 'symbols': []}",False,False,False,low,en,[{'tag': None}],
Wed Jan 22 19:46:02 +0000 2020,1220070134473162753,1220070134473162753,BREAKING: Chinese state media says the city of Wuhan is shutting down outbound flights and trains as new virus spre… https://t.co/go3f7lKWWD,"<a href=""http://www.socialflow.com"" rel=""nofollow"">SocialFlow</a>",True,,,,,,"{'id': 51241574, 'id_str': '51241574', 'name': 'The Associated Press', 'screen_name': 'AP', 'location': 'Global', 'url': 'https://apnews.com/', 'description': 'News from The Associated Press, and a taste of the great journalism produced by AP members and customers.', 'translator_type': 'none', 'protected': False, 'verified': True, 'followers_count': 15393580, 'friends_count': 6843, 'listed_count': 101973, 'favourites_count': 3675, 'statuses_count': 305428, 'created_at': 'Fri Jun 26 21:48:52 +0000 2009', 'utc_offset': None, 'time_zone': None, 'geo_enabled': False, 'lang': None, 'contributors_enabled': False, 'is_translator': False, 'profile_background_color': '333333', 'profile_background_image_url': 'http://abs.twimg.com/images/themes/theme1/bg.png', 'profile_background_image_url_https': 'https://abs.twimg.com/images/themes/theme1/bg.png', 'profile_background_tile': False, 'profile_link_color': 'CC3300', 'profile_sidebar_border_color': 'FFFFFF', 'profile_sidebar_fill_color': 'CCCCCC', 'profile_text_color': '333333', 'profile_use_background_image': True, 'profile_image_url': 'http://pbs.twimg.com/profile_images/461964160838803457/8z9FImcv_normal.png', 'profile_image_url_https': 'https://pbs.twimg.com/profile_images/461964160838803457/8z9FImcv_normal.png', 'profile_banner_url': 'https://pbs.twimg.com/profile_banners/51241574/1638483576', 'default_profile': False, 'default_profile_image': False, 'following': None, 'follow_request_sent': None, 'notifications': None, 'withheld_in_countries': []}",,,,,False,"{'full_text': 'BREAKING: Chinese state media says the city of Wuhan is shutting down outbound flights and trains as new virus spreads more widely. https://t.co/19In5FSZNx', 'display_text_range': [0, 155], 'entities': {'hashtags': [], 'urls': [{'url': 'https://t.co/19In5FSZNx', 'expanded_url': 'http://apne.ws/klsoPjZ', 'display_url': 'apne.ws/klsoPjZ', 'indices': [132, 155]}], 'user_mentions': [], 'symbols': []}}",123,36,423,429,"{'hashtags': [], 'urls': [{'url': 'https://t.co/go3f7lKWWD', 'expanded_url': 'https://twitter.com/i/web/status/1220070134473162753', 'display_url': 'twitter.com/i/web/status/1…', 'indices': [117, 140]}], 'user_mentions': [], 'symbols': []}",False,False,False,low,en,[{'tag': None}],
Sat Jan 25 16:31:06 +0000 2020,1221108240605466624,1221108240605466624,China's leader calls the spread of a new virus a grave situation as cities scramble to stop the spread of the illne… https://t.co/Gd6xtwIRWk,"<a href=""http://www.socialflow.com"" rel=""nofollow"">SocialFlow</a>",True,,,,,,"{'id': 51241574, 'id_str': '51241574', 'name': 'The Associated Press', 'screen_name': 'AP', 'location': 'Global', 'url': 'https://apnews.com/', 'description': 'News from The Associated Press, and a taste of the great journalism produced by AP members and customers.', 'translator_type': 'none', 'protected': False, 'verified': True, 'followers_count': 15393580, 'friends_count': 6843, 'listed_count': 101973, 'favourites_count': 3675, 'statuses_count': 305428, 'created_at': 'Fri Jun 26 21:48:52 +0000 2009', 'utc_offset': None, 'time_zone': None, 'geo_enabled': False, 'lang': None, 'contributors_enabled': False, 'is_translator': False, 'profile_background_color': '333333', 'profile_background_image_url': 'http://abs.twimg.com/images/themes/theme1/bg.png', 'profile_background_image_url_https': 'https://abs.twimg.com/images/themes/theme1/bg.png', 'profile_background_tile': False, 'profile_link_color': 'CC3300', 'profile_sidebar_border_color': 'FFFFFF', 'profile_sidebar_fill_color': 'CCCCCC', 'profile_text_color': '333333', 'profile_use_background_image': True, 'profile_image_url': 'http://pbs.twimg.com/profile_images/461964160838803457/8z9FImcv_normal.png', 'profile_image_url_https': 'https://pbs.twimg.com/profile_images/461964160838803457/8z9FImcv_normal.png', 'profile_banner_url': 'https://pbs.twimg.com/profile_banners/51241574/1638483576', 'default_profile': False, 'default_profile_image': False, 'following': None, 'follow_request_sent': None, 'notifications': None, 'withheld_in_countries': []}",,,,,False,"{'full_text': ""China's leader calls the spread of a new virus a grave situation as cities scramble to stop the spread of the illness that has infected more than 1,200 people and killed 41. Wuhan is banning most vehicles from downtown and Hong Kong is closing schools. https://t.co/szZzJT9yoe"", 'display_text_range': [0, 276], 'entities': {'hashtags': [], 'urls': [{'url': 'https://t.co/szZzJT9yoe', 'expanded_url': 'http://apne.ws/wW1NEGN', 'display_url': 'apne.ws/wW1NEGN', 'indices': [253, 276]}], 'user_mentions': [], 'symbols': []}}",50,35,340,353,"{'hashtags': [], 'urls': [{'url': 'https://t.co/Gd6xtwIRWk', 'expanded_url': 'https://twitter.com/i/web/status/1221108240605466624', 'display_url': 'twitter.com/i/web/status/1…', 'indices': [117, 140]}], 'user_mentions': [], 'symbols': []}",False,False,False,low,en,[{'tag': None}],
Sat Jan 25 09:16:32 +0000 2020,1220998879463772160,1220998879463772160,BREAKING: The virus-hit Chinese city of Wuhan bans most vehicles including private cars from the downtown area in a… https://t.co/GlsUHPD7xf,"<a href=""http://www.socialflow.com"" rel=""nofollow"">SocialFlow</a>",True,,,,,,"{'id': 51241574, 'id_str': '51241574', 'name': 'The Associated Press', 'screen_name': 'AP', 'location': 'Global', 'url': 'https://apnews.com/', 'description': 'News from The Associated Press, and a taste of the great journalism produced by AP members and customers.', 'translator_type': 'none', 'protected': False, 'verified': True, 'followers_count': 15393580, 'friends_count': 6843, 'listed_count': 101973, 'favourites_count': 3675, 'statuses_count': 305428, 'created_at': 'Fri Jun 26 21:48:52 +0000 2009', 'utc_offset': None, 'time_zone': None, 'geo_enabled': False, 'lang': None, 'contributors_enabled': False, 'is_translator': False, 'profile_background_color': '333333', 'profile_background_image_url': 'http://abs.twimg.com/images/themes/theme1/bg.png', 'profile_background_image_url_https': 'https://abs.twimg.com/images/themes/theme1/bg.png', 'profile_background_tile': False, 'profile_link_color': 'CC3300', 'profile_sidebar_border_color': 'FFFFFF', 'profile_sidebar_fill_color': 'CCCCCC', 'profile_text_color': '333333', 'profile_use_background_image': True, 'profile_image_url': 'http://pbs.twimg.com/profile_images/461964160838803457/8z9FImcv_normal.png', 'profile_image_url_https': 'https://pbs.twimg.com/profile_images/461964160838803457/8z9FImcv_normal.png', 'profile_banner_url': 'https://pbs.twimg.com/profile_banners/51241574/1638483576', 'default_profile': False, 'default_profile_image': False, 'following': None, 'follow_request_sent': None, 'notifications': None, 'withheld_in_countries': []}",,,,,False,"{'full_text': 'BREAKING: The virus-hit Chinese city of Wuhan bans most vehicles including private cars from the downtown area in a further bid to limit spread of the illness. https://t.co/i0cJZSYKrG', 'display_text_range': [0, 183], 'entities': {'hashtags': [], 'urls': [{'url': 'https://t.co/i0cJZSYKrG', 'expanded_url': 'http://apne.ws/JQ4kWaK', 'display_url': 'apne.ws/JQ4kWaK', 'indices': [160, 183]}], 'user_mentions': [], 'symbols': []}}",21,31,266,353,"{'hashtags': [], 'urls': [{'url': 'https://t.co/GlsUHPD7xf', 'expanded_url': 'https://twitter.com/i/web/status/1220998879463772160', 'display_url': 'twitter.com/i/web/status/1…', 'indices': [117, 140]}], 'user_mentions': [], 'symbols': []}",False,False,False,low,en,[{'tag': None}],
Thu Jan 23 03:53:45 +0000 2020,1220192873364193280,1220192873364193280,"China confirms first case of new coronavirus in Hong Kong while transportation is halted in Wuhan, the city of 11 m… https://t.co/o2Yl9B7Yp2","<a href=""http://www.socialflow.com"" rel=""nofollow"">SocialFlow</a>",True,,,,,,"{'id': 51241574, 'id_str': '51241574', 'name': 'The Associated Press', 'screen_name': 'AP', 'location': 'Global', 'url': 'https://apnews.com/', 'description': 'News from The Associated Press, and a taste of the great journalism produced by AP members and customers.', 'translator_type': 'none', 'protected': False, 'verified': True, 'followers_count': 15393580, 'friends_count': 6843, 'listed_count': 101973, 'favourites_count': 3675, 'statuses_count': 305428, 'created_at': 'Fri Jun 26 21:48:52 +0000 2009', 'utc_offset': None, 'time_zone': None, 'geo_enabled': False, 'lang': None, 'contributors_enabled': False, 'is_translator': False, 'profile_background_color': '333333', 'profile_background_image_url': 'http://abs.twimg.com/images/themes/theme1/bg.png', 'profile_background_image_url_https': 'https://abs.twimg.com/images/themes/theme1/bg.png', 'profile_background_tile': False, 'profile_link_color': 'CC3300', 'profile_sidebar_border_color': 'FFFFFF', 'profile_sidebar_fill_color': 'CCCCCC', 'profile_text_color': '333333', 'profile_use_background_image': True, 'profile_image_url': 'http://pbs.twimg.com/profile_images/461964160838803457/8z9FImcv_normal.png', 'profile_image_url_https': 'https://pbs.twimg.com/profile_images/461964160838803457/8z9FImcv_normal.png', 'profile_banner_url': 'https://pbs.twimg.com/profile_banners/51241574/1638483576', 'default_profile': False, 'default_profile_image': False, 'following': None, 'follow_request_sent': None, 'notifications': None, 'withheld_in_countries': []}",,,,,False,"{'full_text': ""China confirms first case of new coronavirus in Hong Kong while transportation is halted in Wuhan, the city of 11 million people that's been the epicenter of the outbreak. https://t.co/gCsfs22XKJ"", 'display_text_range': [0, 195], 'entities': {'hashtags': [], 'urls': [{'url': 'https://t.co/gCsfs22XKJ', 'expanded_url': 'http://apne.ws/x1E9qsL', 'display_url': 'apne.ws/x1E9qsL', 'indices': [172, 195]}], 'user_mentions': [], 'symbols': []}}",33,38,194,213,"{'hashtags': [], 'urls': [{'url': 'https://t.co/o2Yl9B7Yp2', 'expanded_url': 'https://twitter.com/i/web/status/1220192873364193280', 'display_url': 'twitter.com/i/web/status/1…', 'indices': [117, 140]}], 'user_mentions': [], 'symbols': []}",False,False,False,low,en,[{'tag': None}],
Sun Jan 26 19:29:43 +0000 2020,1221515580001439745,1221515580001439745,"A fourth case of a new pneumonia-like virus has been confirmed in the U.S., health officials in Los Angeles County… https://t.co/wQUwPXUKUa","<a href=""http://www.socialflow.com"" rel=""nofollow"">SocialFlow</a>",True,,,,,,"{'id': 51241574, 'id_str': '51241574', 'name': 'The Associated Press', 'screen_name': 'AP', 'location': 'Global', 'url': 'https://apnews.com/', 'description': 'News from The Associated Press, and a taste of the great journalism produced by AP members and customers.', 'translator_type': 'none', 'protected': False, 'verified': True, 'followers_count': 15393580, 'friends_count': 6843, 'listed_count': 101973, 'favourites_count': 3675, 'statuses_count': 305428, 'created_at': 'Fri Jun 26 21:48:52 +0000 2009', 'utc_offset': None, 'time_zone': None, 'geo_enabled': False, 'lang': None, 'contributors_enabled': False, 'is_translator': False, 'profile_background_color': '333333', 'profile_background_image_url': 'http://abs.twimg.com/images/themes/theme1/bg.png', 'profile_background_image_url_https': 'https://abs.twimg.com/images/themes/theme1/bg.png', 'profile_background_tile': False, 'profile_link_color': 'CC3300', 'profile_sidebar_border_color': 'FFFFFF', 'profile_sidebar_fill_color': 'CCCCCC', 'profile_text_color': '333333', 'profile_use_background_image': True, 'profile_image_url': 'http://pbs.twimg.com/profile_images/461964160838803457/8z9FImcv_normal.png', 'profile_image_url_https': 'https://pbs.twimg.com/profile_images/461964160838803457/8z9FImcv_normal.png', 'profile_banner_url': 'https://pbs.twimg.com/profile_banners/51241574/1638483576', 'default_profile': False, 'default_profile_image': False, 'following': None, 'follow_request_sent': None, 'notifications': None, 'withheld_in_countries': []}",,,,,False,"{'full_text': 'A fourth case of a new pneumonia-like virus has been confirmed in the U.S., health officials in Los Angeles County say. The patient recently returned from from Wuhan City, China, the epicenter of an outbreak that has killed dozens. https://t.co/doYJu7GMAs', 'display_text_range': [0, 255], 'entities': {'hashtags': [], 'urls': [{'url': 'https://t.co/doYJu7GMAs', 'expanded_url': 'http://apne.ws/m5fMxLh', 'display_url': 'apne.ws/m5fMxLh', 'indices': [232, 255]}], 'user_mentions': [], 'symbols': []}}",20,24,151,196,"{'hashtags': [], 'urls': [{'url': 'https://t.co/wQUwPXUKUa', 'expanded_url': 'https://twitter.com/i/web/status/1221515580001439745', 'display_url': 'twitter.com/i/web/status/1…', 'indices': [116, 139]}], 'user_mentions': [], 'symbols': []}",False,False,False,low,en,[{'tag': None}],
Tue Jan 28 14:11:36 +0000 2020,1222160296887844865,1222160296887844865,"As China institutes one of the largest quarantines in modern history, locking down more than 50 million in Wuhan an… https://t.co/QAS2HiRVzI","<a href=""http://www.socialflow.com"" rel=""nofollow"">SocialFlow</a>",True,,,,,,"{'id': 51241574, 'id_str': '51241574', 'name': 'The Associated Press', 'screen_name': 'AP', 'location': 'Global', 'url': 'https://apnews.com/', 'description': 'News from The Associated Press, and a taste of the great journalism produced by AP members and customers.', 'translator_type': 'none', 'protected': False, 'verified': True, 'followers_count': 15393580, 'friends_count': 6843, 'listed_count': 101973, 'favourites_count': 3675, 'statuses_count': 305428, 'created_at': 'Fri Jun 26 21:48:52 +0000 2009', 'utc_offset': None, 'time_zone': None, 'geo_enabled': False, 'lang': None, 'contributors_enabled': False, 'is_translator': False, 'profile_background_color': '333333', 'profile_background_image_url': 'http://abs.twimg.com/images/themes/theme1/bg.png', 'profile_background_image_url_https': 'https://abs.twimg.com/images/themes/theme1/bg.png', 'profile_background_tile': False, 'profile_link_color': 'CC3300', 'profile_sidebar_border_color': 'FFFFFF', 'profile_sidebar_fill_color': 'CCCCCC', 'profile_text_color': '333333', 'profile_use_background_image': True, 'profile_image_url': 'http://pbs.twimg.com/profile_images/461964160838803457/8z9FImcv_normal.png', 'profile_image_url_https': 'https://pbs.twimg.com/profile_images/461964160838803457/8z9FImcv_normal.png', 'profile_banner_url': 'https://pbs.twimg.com/profile_banners/51241574/1638483576', 'default_profile': False, 'default_profile_image': False, 'following': None, 'follow_request_sent': None, 'notifications': None, 'withheld_in_countries': []}",,,,,False,"{'full_text': ""As China institutes one of the largest quarantines in modern history, locking down more than 50 million in Wuhan and other cities, questions are swirling about local governments' sluggish initial response to an outbreak that has killed more than 100. https://t.co/pIuS5JxxP1"", 'display_text_range': [0, 274], 'entities': {'hashtags': [], 'urls': [{'url': 'https://t.co/pIuS5JxxP1', 'expanded_url': 'http://apne.ws/v0W5Aqy', 'display_url': 'apne.ws/v0W5Aqy', 'indices': [251, 274]}], 'user_mentions': [], 'symbols': []}}",14,21,137,183,"{'hashtags': [], 'urls': [{'url': 'https://t.co/QAS2HiRVzI', 'expanded_url': 'https://twitter.com/i/web/status/1222160296887844865', 'display_url': 'twitter.com/i/web/status/1…', 'indices': [117, 140]}], 'user_mentions': [], 'symbols': []}",False,False,False,low,en,[{'tag': None}],
Tue Jan 28 11:31:06 +0000 2020,1222119905509675010,1222119905509675010,"Many of the thousand or so U.S. nationals in virus-hit Wuhan are staying behind because of non-American loved ones,… https://t.co/pfLR3GBxqj","<a href=""http://www.socialflow.com"" rel=""nofollow"">SocialFlow</a>",True,,,,,,"{'id': 51241574, 'id_str': '51241574', 'name': 'The Associated Press', 'screen_name': 'AP', 'location': 'Global', 'url': 'https://apnews.com/', 'description': 'News from The Associated Press, and a taste of the great journalism produced by AP members and customers.', 'translator_type': 'none', 'protected': False, 'verified': True, 'followers_count': 15393580, 'friends_count': 6843, 'listed_count': 101973, 'favourites_count': 3675, 'statuses_count': 305428, 'created_at': 'Fri Jun 26 21:48:52 +0000 2009', 'utc_offset': None, 'time_zone': None, 'geo_enabled': False, 'lang': None, 'contributors_enabled': False, 'is_translator': False, 'profile_background_color': '333333', 'profile_background_image_url': 'http://abs.twimg.com/images/themes/theme1/bg.png', 'profile_background_image_url_https': 'https://abs.twimg.com/images/themes/theme1/bg.png', 'profile_background_tile': False, 'profile_link_color': 'CC3300', 'profile_sidebar_border_color': 'FFFFFF', 'profile_sidebar_fill_color': 'CCCCCC', 'profile_text_color': '333333', 'profile_use_background_image': True, 'profile_image_url': 'http://pbs.twimg.com/profile_images/461964160838803457/8z9FImcv_normal.png', 'profile_image_url_https': 'https://pbs.twimg.com/profile_images/461964160838803457/8z9FImcv_normal.png', 'profile_banner_url': 'https://pbs.twimg.com/profile_banners/51241574/1638483576', 'default_profile': False, 'default_profile_image': False, 'following': None, 'follow_request_sent': None, 'notifications': None, 'withheld_in_countries': []}",,,,,False,"{'full_text': ""Many of the thousand or so U.S. nationals in virus-hit Wuhan are staying behind because of non-American loved ones, who aren't allowed on an evacuation plane. Doug Perez says “there is no way on Earth” he would leave behind his Chinese girlfriend. https://t.co/1DhPOIUAM3"", 'display_text_range': [0, 271], 'entities': {'hashtags': [], 'urls': [{'url': 'https://t.co/1DhPOIUAM3', 'expanded_url': 'http://apne.ws/24GxrPE', 'display_url': 'apne.ws/24GxrPE', 'indices': [248, 271]}], 'user_mentions': [], 'symbols': []}}",27,31,117,249,"{'hashtags': [], 'urls': [{'url': 'https://t.co/pfLR3GBxqj', 'expanded_url': 'https://twitter.com/i/web/status/1222119905509675010', 'display_url': 'twitter.com/i/web/status/1…', 'indices': [117, 140]}], 'user_mentions': [], 'symbols': []}",False,False,False,low,en,[{'tag': None}],
Sun Jan 26 11:17:24 +0000 2020,1221391685051133952,1221391685051133952,Japanese Prime Minister Shinzo Abe says he is making arrangements to fly Japanese people home from the Chinese city… https://t.co/DYPxtsgRcA,"<a href=""http://www.socialflow.com"" rel=""nofollow"">SocialFlow</a>",True,,,,,,"{'id': 51241574, 'id_str': '51241574', 'name': 'The Associated Press', 'screen_name': 'AP', 'location': 'Global', 'url': 'https://apnews.com/', 'description': 'News from The Associated Press, and a taste of the great journalism produced by AP members and customers.', 'translator_type': 'none', 'protected': False, 'verified': True, 'followers_count': 15393580, 'friends_count': 6843, 'listed_count': 101973, 'favourites_count': 3675, 'statuses_count': 305428, 'created_at': 'Fri Jun 26 21:48:52 +0000 2009', 'utc_offset': None, 'time_zone': None, 'geo_enabled': False, 'lang': None, 'contributors_enabled': False, 'is_translator': False, 'profile_background_color': '333333', 'profile_background_image_url': 'http://abs.twimg.com/images/themes/theme1/bg.png', 'profile_background_image_url_https': 'https://abs.twimg.com/images/themes/theme1/bg.png', 'profile_background_tile': False, 'profile_link_color': 'CC3300', 'profile_sidebar_border_color': 'FFFFFF', 'profile_sidebar_fill_color': 'CCCCCC', 'profile_text_color': '333333', 'profile_use_background_image': True, 'profile_image_url': 'http://pbs.twimg.com/profile_images/461964160838803457/8z9FImcv_normal.png', 'profile_image_url_https': 'https://pbs.twimg.com/profile_images/461964160838803457/8z9FImcv_normal.png', 'profile_banner_url': 'https://pbs.twimg.com/profile_banners/51241574/1638483576', 'default_profile': False, 'default_profile_image': False, 'following': None, 'follow_request_sent': None, 'notifications': None, 'withheld_in_countries': []}",,,,,False,"{'full_text': 'Japanese Prime Minister Shinzo Abe says he is making arrangements to fly Japanese people home from the Chinese city of Wuhan, the epicenter of an outbreak of a new viral illness. https://t.co/0FDwDlKsMV', 'display_text_range': [0, 202], 'entities': {'hashtags': [], 'urls': [{'url': 'https://t.co/0FDwDlKsMV', 'expanded_url': 'http://apne.ws/bMq4TiA', 'display_url': 'apne.ws/bMq4TiA', 'indices': [179, 202]}], 'user_mentions': [], 'symbols': []}}",11,28,114,207,"{'hashtags': [], 'urls': [{'url': 'https://t.co/DYPxtsgRcA', 'expanded_url': 'https://twitter.com/i/web/status/1221391685051133952', 'display_url': 'twitter.com/i/web/status/1…', 'indices': [117, 140]}], 'user_mentions': [], 'symbols': []}",False,False,False,low,en,[{'tag': None}],
Wed Jan 29 03:56:44 +0000 2020,1222367948276477954,1222367948276477954,Four evacuees on a Japanese flight from the Chinese city of Wuhan have cough and fever and were taken to a hospital… https://t.co/Drefw4STnV,"<a href=""http://www.socialflow.com"" rel=""nofollow"">SocialFlow</a>",True,,,,,,"{'id': 51241574, 'id_str': '51241574', 'name': 'The Associated Press', 'screen_name': 'AP', 'location': 'Global', 'url': 'https://apnews.com/', 'description': 'News from The Associated Press, and a taste of the great journalism produced by AP members and customers.', 'translator_type': 'none', 'protected': False, 'verified': True, 'followers_count': 15393580, 'friends_count': 6843, 'listed_count': 101973, 'favourites_count': 3675, 'statuses_count': 305428, 'created_at': 'Fri Jun 26 21:48:52 +0000 2009', 'utc_offset': None, 'time_zone': None, 'geo_enabled': False, 'lang': None, 'contributors_enabled': False, 'is_translator': False, 'profile_background_color': '333333', 'profile_background_image_url': 'http://abs.twimg.com/images/themes/theme1/bg.png', 'profile_background_image_url_https': 'https://abs.twimg.com/images/themes/theme1/bg.png', 'profile_background_tile': False, 'profile_link_color': 'CC3300', 'profile_sidebar_border_color': 'FFFFFF', 'profile_sidebar_fill_color': 'CCCCCC', 'profile_text_color': '333333', 'profile_use_background_image': True, 'profile_image_url': 'http://pbs.twimg.com/profile_images/461964160838803457/8z9FImcv_normal.png', 'profile_image_url_https': 'https://pbs.twimg.com/profile_images/461964160838803457/8z9FImcv_normal.png', 'profile_banner_url': 'https://pbs.twimg.com/profile_banners/51241574/1638483576', 'default_profile': False, 'default_profile_image': False, 'following': None, 'follow_request_sent': None, 'notifications': None, 'withheld_in_countries': []}",,,,,False,"{'full_text': 'Four evacuees on a Japanese flight from the Chinese city of Wuhan have cough and fever and were taken to a hospital, officials say. https://t.co/4J8adcDlF2', 'display_text_range': [0, 155], 'entities': {'hashtags': [], 'urls': [{'url': 'https://t.co/4J8adcDlF2', 'expanded_url': 'http://apne.ws/lFBq2x2', 'display_url': 'apne.ws/lFBq2x2', 'indices': [132, 155]}], 'user_mentions': [], 'symbols': []}}",8,11,109,130,"{'hashtags': [], 'urls': [{'url': 'https://t.co/Drefw4STnV', 'expanded_url': 'https://twitter.com/i/web/status/1222367948276477954', 'display_url': 'twitter.com/i/web/status/1…', 'indices': [117, 140]}], 'user_mentions': [], 'symbols': []}",False,False,False,low,en,[{'tag': None}],
Sun Feb 09 10:40:50 +0000 2020,1226455911650205696,1226455911650205696,"A few days after the Chinese city Wuhan was put under quarantine, the mayor estimated that 5 million people had alr… https://t.co/dcbW1fVj6f","<a href=""http://www.socialflow.com"" rel=""nofollow"">SocialFlow</a>",True,,,,,,"{'id': 51241574, 'id_str': '51241574', 'name': 'The Associated Press', 'screen_name': 'AP', 'location': 'Global', 'url': 'https://apnews.com/', 'description': 'News from The Associated Press, and a taste of the great journalism produced by AP members and customers.', 'translator_type': 'none', 'protected': False, 'verified': True, 'followers_count': 15393580, 'friends_count': 6843, 'listed_count': 101973, 'favourites_count': 3675, 'statuses_count': 305428, 'created_at': 'Fri Jun 26 21:48:52 +0000 2009', 'utc_offset': None, 'time_zone': None, 'geo_enabled': False, 'lang': None, 'contributors_enabled': False, 'is_translator': False, 'profile_background_color': '333333', 'profile_background_image_url': 'http://abs.twimg.com/images/themes/theme1/bg.png', 'profile_background_image_url_https': 'https://abs.twimg.com/images/themes/theme1/bg.png', 'profile_background_tile': False, 'profile_link_color': 'CC3300', 'profile_sidebar_border_color': 'FFFFFF', 'profile_sidebar_fill_color': 'CCCCCC', 'profile_text_color': '333333', 'profile_use_background_image': True, 'profile_image_url': 'http://pbs.twimg.com/profile_images/461964160838803457/8z9FImcv_normal.png', 'profile_image_url_https': 'https://pbs.twimg.com/profile_images/461964160838803457/8z9FImcv_normal.png', 'profile_banner_url': 'https://pbs.twimg.com/profile_banners/51241574/1638483576', 'default_profile': False, 'default_profile_image': False, 'following': None, 'follow_request_sent': None, 'notifications': None, 'withheld_in_countries': []}",,,,,False,"{'full_text': 'A few days after the Chinese city Wuhan was put under quarantine, the mayor estimated that 5 million people had already left. Where did they go? @ekintz https://t.co/88GiUUA47m', 'display_text_range': [0, 176], 'entities': {'hashtags': [], 'urls': [{'url': 'https://t.co/88GiUUA47m', 'expanded_url': 'http://apne.ws/wKWF9pX', 'display_url': 'apne.ws/wKWF9pX', 'indices': [153, 176]}], 'user_mentions': [{'screen_name': 'EKintz', 'name': 'eggenberg kintz', 'id': 767385655194320896, 'id_str': '767385655194320896', 'indices': [145, 152]}], 'symbols': []}}",4,22,105,149,"{'hashtags': [], 'urls': [{'url': 'https://t.co/dcbW1fVj6f', 'expanded_url': 'https://twitter.com/i/web/status/1226455911650205696', 'display_url': 'twitter.com/i/web/status/1…', 'indices': [117, 140]}], 'user_mentions': [], 'symbols': []}",False,False,False,low,en,[{'tag': None}],
Sat Feb 08 10:15:07 +0000 2020,1226087051055026177,1226087051055026177,"The U.S. Embassy in Beijing says a 60-year-old American citizen diagnosed with the new virus died in Wuhan, apparen… https://t.co/inPQmnHBQA","<a href=""http://www.socialflow.com"" rel=""nofollow"">SocialFlow</a>",True,,,,,,"{'id': 51241574, 'id_str': '51241574', 'name': 'The Associated Press', 'screen_name': 'AP', 'location': 'Global', 'url': 'https://apnews.com/', 'description': 'News from The Associated Press, and a taste of the great journalism produced by AP members and customers.', 'translator_type': 'none', 'protected': False, 'verified': True, 'followers_count': 15393580, 'friends_count': 6843, 'listed_count': 101973, 'favourites_count': 3675, 'statuses_count': 305428, 'created_at': 'Fri Jun 26 21:48:52 +0000 2009', 'utc_offset': None, 'time_zone': None, 'geo_enabled': False, 'lang': None, 'contributors_enabled': False, 'is_translator': False, 'profile_background_color': '333333', 'profile_background_image_url': 'http://abs.twimg.com/images/themes/theme1/bg.png', 'profile_background_image_url_https': 'https://abs.twimg.com/images/themes/theme1/bg.png', 'profile_background_tile': False, 'profile_link_color': 'CC3300', 'profile_sidebar_border_color': 'FFFFFF', 'profile_sidebar_fill_color': 'CCCCCC', 'profile_text_color': '333333', 'profile_use_background_image': True, 'profile_image_url': 'http://pbs.twimg.com/profile_images/461964160838803457/8z9FImcv_normal.png', 'profile_image_url_https': 'https://pbs.twimg.com/profile_images/461964160838803457/8z9FImcv_normal.png', 'profile_banner_url': 'https://pbs.twimg.com/profile_banners/51241574/1638483576', 'default_profile': False, 'default_profile_image': False, 'following': None, 'follow_request_sent': None, 'notifications': None, 'withheld_in_countries': []}",,,,,False,"{'full_text': 'The U.S. Embassy in Beijing says a 60-year-old American citizen diagnosed with the new virus died in Wuhan, apparently the first American fatality of the outbreak. https://t.co/iJpRLmKRwm', 'display_text_range': [0, 187], 'entities': {'hashtags': [], 'urls': [{'url': 'https://t.co/iJpRLmKRwm', 'expanded_url': 'http://apne.ws/B4dac4e', 'display_url': 'apne.ws/B4dac4e', 'indices': [164, 187]}], 'user_mentions': [], 'symbols': []}}",4,12,86,98,"{'hashtags': [], 'urls': [{'url': 'https://t.co/inPQmnHBQA', 'expanded_url': 'https://twitter.com/i/web/status/1226087051055026177', 'display_url': 'twitter.com/i/web/status/1…', 'indices': [117, 140]}], 'user_mentions': [], 'symbols': []}",False,False,False,low,en,[{'tag': None}],
Thu Jan 23 15:01:09 +0000 2020,1220360829952045057,1220360829952045057,"After a new virus forced authorities in Wuhan to shut down the city, many are finding pharmacies are sold out of su… https://t.co/5Xg3TYaLS2","<a href=""http://www.socialflow.com"" rel=""nofollow"">SocialFlow</a>",True,,,,,,"{'id': 51241574, 'id_str': '51241574', 'name': 'The Associated Press', 'screen_name': 'AP', 'location': 'Global', 'url': 'https://apnews.com/', 'description': 'News from The Associated Press, and a taste of the great journalism produced by AP members and customers.', 'translator_type': 'none', 'protected': False, 'verified': True, 'followers_count': 15393580, 'friends_count': 6843, 'listed_count': 101973, 'favourites_count': 3675, 'statuses_count': 305428, 'created_at': 'Fri Jun 26 21:48:52 +0000 2009', 'utc_offset': None, 'time_zone': None, 'geo_enabled': False, 'lang': None, 'contributors_enabled': False, 'is_translator': False, 'profile_background_color': '333333', 'profile_background_image_url': 'http://abs.twimg.com/images/themes/theme1/bg.png', 'profile_background_image_url_https': 'https://abs.twimg.com/images/themes/theme1/bg.png', 'profile_background_tile': False, 'profile_link_color': 'CC3300', 'profile_sidebar_border_color': 'FFFFFF', 'profile_sidebar_fill_color': 'CCCCCC', 'profile_text_color': '333333', 'profile_use_background_image': True, 'profile_image_url': 'http://pbs.twimg.com/profile_images/461964160838803457/8z9FImcv_normal.png', 'profile_image_url_https': 'https://pbs.twimg.com/profile_images/461964160838803457/8z9FImcv_normal.png', 'profile_banner_url': 'https://pbs.twimg.com/profile_banners/51241574/1638483576', 'default_profile': False, 'default_profile_image': False, 'following': None, 'follow_request_sent': None, 'notifications': None, 'withheld_in_countries': []}",,,,,False,"{'full_text': 'After a new virus forced authorities in Wuhan to shut down the city, many are finding pharmacies are sold out of surgical masks and rubbing alcohol, and supplies of vitamin C tablets are dwindling. Some said grocers were charging exorbitant prices. https://t.co/jk0O8gOWF3', 'display_text_range': [0, 272], 'entities': {'hashtags': [], 'urls': [{'url': 'https://t.co/jk0O8gOWF3', 'expanded_url': 'http://apne.ws/LeG9CHp', 'display_url': 'apne.ws/LeG9CHp', 'indices': [249, 272]}], 'user_mentions': [], 'symbols': []}}",14,11,77,79,"{'hashtags': [], 'urls': [{'url': 'https://t.co/5Xg3TYaLS2', 'expanded_url': 'https://twitter.com/i/web/status/1220360829952045057', 'display_url': 'twitter.com/i/web/status/1…', 'indices': [117, 140]}], 'user_mentions': [], 'symbols': []}",False,False,False,low,en,[{'tag': None}],
Sun Feb 09 15:27:06 +0000 2020,1226527953275801600,1226527953275801600,Map location data from the Chinese tech giant Baidu shows travel out of the Chinese city Wuhan during Lunar New Yea… https://t.co/WTkfWfQf8U,"<a href=""http://www.socialflow.com"" rel=""nofollow"">SocialFlow</a>",True,,,,,,"{'id': 51241574, 'id_str': '51241574', 'name': 'The Associated Press', 'screen_name': 'AP', 'location': 'Global', 'url': 'https://apnews.com/', 'description': 'News from The Associated Press, and a taste of the great journalism produced by AP members and customers.', 'translator_type': 'none', 'protected': False, 'verified': True, 'followers_count': 15393580, 'friends_count': 6843, 'listed_count': 101973, 'favourites_count': 3675, 'statuses_count': 305428, 'created_at': 'Fri Jun 26 21:48:52 +0000 2009', 'utc_offset': None, 'time_zone': None, 'geo_enabled': False, 'lang': None, 'contributors_enabled': False, 'is_translator': False, 'profile_background_color': '333333', 'profile_background_image_url': 'http://abs.twimg.com/images/themes/theme1/bg.png', 'profile_background_image_url_https': 'https://abs.twimg.com/images/themes/theme1/bg.png', 'profile_background_tile': False, 'profile_link_color': 'CC3300', 'profile_sidebar_border_color': 'FFFFFF', 'profile_sidebar_fill_color': 'CCCCCC', 'profile_text_color': '333333', 'profile_use_background_image': True, 'profile_image_url': 'http://pbs.twimg.com/profile_images/461964160838803457/8z9FImcv_normal.png', 'profile_image_url_https': 'https://pbs.twimg.com/profile_images/461964160838803457/8z9FImcv_normal.png', 'profile_banner_url': 'https://pbs.twimg.com/profile_banners/51241574/1638483576', 'default_profile': False, 'default_profile_image': False, 'following': None, 'follow_request_sent': None, 'notifications': None, 'withheld_in_countries': []}",,,,,False,"{'full_text': 'Map location data from the Chinese tech giant Baidu shows travel out of the Chinese city Wuhan during Lunar New Year tracks with the early spread of the virus. @ekintz https://t.co/gpFGLv815z', 'display_text_range': [0, 191], 'entities': {'hashtags': [], 'urls': [{'url': 'https://t.co/gpFGLv815z', 'expanded_url': 'http://apne.ws/xq1T7Ei', 'display_url': 'apne.ws/xq1T7Ei', 'indices': [168, 191]}], 'user_mentions': [{'screen_name': 'EKintz', 'name': 'eggenberg kintz', 'id': 767385655194320896, 'id_str': '767385655194320896', 'indices': [160, 167]}], 'symbols': []}}",5,9,72,83,"{'hashtags': [], 'urls': [{'url': 'https://t.co/WTkfWfQf8U', 'expanded_url': 'https://twitter.com/i/web/status/1226527953275801600', 'display_url': 'twitter.com/i/web/status/1…', 'indices': [117, 140]}], 'user_mentions': [], 'symbols': []}",False,False,False,low,en,[{'tag': None}],
Tue Feb 18 09:59:49 +0000 2020,1229707082548568066,1229707082548568066,"--A hospital director in Wuhan, Liu Zhiming, who helped lead the fight against China's new virus has become one of… https://t.co/49Yw4dF3M2","<a href=""http://www.socialflow.com"" rel=""nofollow"">SocialFlow</a>",True,,,,,,"{'id': 51241574, 'id_str': '51241574', 'name': 'The Associated Press', 'screen_name': 'AP', 'location': 'Global', 'url': 'https://apnews.com/', 'description': 'News from The Associated Press, and a taste of the great journalism produced by AP members and customers.', 'translator_type': 'none', 'protected': False, 'verified': True, 'followers_count': 15393580, 'friends_count': 6843, 'listed_count': 101973, 'favourites_count': 3675, 'statuses_count': 305428, 'created_at': 'Fri Jun 26 21:48:52 +0000 2009', 'utc_offset': None, 'time_zone': None, 'geo_enabled': False, 'lang': None, 'contributors_enabled': False, 'is_translator': False, 'profile_background_color': '333333', 'profile_background_image_url': 'http://abs.twimg.com/images/themes/theme1/bg.png', 'profile_background_image_url_https': 'https://abs.twimg.com/images/themes/theme1/bg.png', 'profile_background_tile': False, 'profile_link_color': 'CC3300', 'profile_sidebar_border_color': 'FFFFFF', 'profile_sidebar_fill_color': 'CCCCCC', 'profile_text_color': '333333', 'profile_use_background_image': True, 'profile_image_url': 'http://pbs.twimg.com/profile_images/461964160838803457/8z9FImcv_normal.png', 'profile_image_url_https': 'https://pbs.twimg.com/profile_images/461964160838803457/8z9FImcv_normal.png', 'profile_banner_url': 'https://pbs.twimg.com/profile_banners/51241574/1638483576', 'default_profile': False, 'default_profile_image': False, 'following': None, 'follow_request_sent': None, 'notifications': None, 'withheld_in_countries': []}",,,,,False,"{'full_text': ""--A hospital director in Wuhan, Liu Zhiming, who helped lead the fight against China's new virus has become one of its victims.  \n--Japan health authorities say 88 more cases of virus found on quarantined cruise ship in Yokohama, bringing total to 542. \nhttps://t.co/HY3pjZg4bY"", 'display_text_range': [0, 277], 'entities': {'hashtags': [], 'urls': [{'url': 'https://t.co/HY3pjZg4bY', 'expanded_url': 'http://apne.ws/yUI2PuW', 'display_url': 'apne.ws/yUI2PuW', 'indices': [254, 277]}], 'user_mentions': [], 'symbols': []}}",2,11,67,84,"{'hashtags': [], 'urls': [{'url': 'https://t.co/49Yw4dF3M2', 'expanded_url': 'https://twitter.com/i/web/status/1229707082548568066', 'display_url': 'twitter.com/i/web/status/1…', 'indices': [116, 139]}], 'user_mentions': [], 'symbols': []}",False,False,False,low,en,[{'tag': None}],
Sun Feb 09 07:13:33 +0000 2020,1226403748118966272,1226403748118966272,An Associated Press analysis of domestic travel patterns using map location data from Chinese tech giant Baidu show… https://t.co/RnboYdY5Ey,"<a href=""http://www.socialflow.com"" rel=""nofollow"">SocialFlow</a>",True,,,,,,"{'id': 51241574, 'id_str': '51241574', 'name': 'The Associated Press', 'screen_name': 'AP', 'location': 'Global', 'url': 'https://apnews.com/', 'description': 'News from The Associated Press, and a taste of the great journalism produced by AP members and customers.', 'translator_type': 'none', 'protected': False, 'verified': True, 'followers_count': 15393580, 'friends_count': 6843, 'listed_count': 101973, 'favourites_count': 3675, 'statuses_count': 305428, 'created_at': 'Fri Jun 26 21:48:52 +0000 2009', 'utc_offset': None, 'time_zone': None, 'geo_enabled': False, 'lang': None, 'contributors_enabled': False, 'is_translator': False, 'profile_background_color': '333333', 'profile_background_image_url': 'http://abs.twimg.com/images/themes/theme1/bg.png', 'profile_background_image_url_https': 'https://abs.twimg.com/images/themes/theme1/bg.png', 'profile_background_tile': False, 'profile_link_color': 'CC3300', 'profile_sidebar_border_color': 'FFFFFF', 'profile_sidebar_fill_color': 'CCCCCC', 'profile_text_color': '333333', 'profile_use_background_image': True, 'profile_image_url': 'http://pbs.twimg.com/profile_images/461964160838803457/8z9FImcv_normal.png', 'profile_image_url_https': 'https://pbs.twimg.com/profile_images/461964160838803457/8z9FImcv_normal.png', 'profile_banner_url': 'https://pbs.twimg.com/profile_banners/51241574/1638483576', 'default_profile': False, 'default_profile_image': False, 'following': None, 'follow_request_sent': None, 'notifications': None, 'withheld_in_countries': []}",,,,,False,"{'full_text': 'An Associated Press analysis of domestic travel patterns using map location data from Chinese tech giant Baidu shows travel patterns of the Chinese city Wuhan broadly track with the early spread of the virus. @ekintz https://t.co/U1dyPCgkrI', 'display_text_range': [0, 240], 'entities': {'hashtags': [], 'urls': [{'url': 'https://t.co/U1dyPCgkrI', 'expanded_url': 'http://apne.ws/qbuVn9A', 'display_url': 'apne.ws/qbuVn9A', 'indices': [217, 240]}], 'user_mentions': [{'screen_name': 'EKintz', 'name': 'eggenberg kintz', 'id': 767385655194320896, 'id_str': '767385655194320896', 'indices': [209, 216]}], 'symbols': []}}",9,10,64,118,"{'hashtags': [], 'urls': [{'url': 'https://t.co/RnboYdY5Ey', 'expanded_url': 'https://twitter.com/i/web/status/1226403748118966272', 'display_url': 'twitter.com/i/web/status/1…', 'indices': [117, 140]}], 'user_mentions': [], 'symbols': []}",False,False,False,low,en,[{'tag': None}],
Sat Jan 25 19:59:06 +0000 2020,1221160584676282368,1221160584676282368,"French automaker PSA Group says it plans to evacuate its expatriate employees and their families from Wuhan, the lo… https://t.co/sqkbUXk6Gr","<a href=""http://www.socialflow.com"" rel=""nofollow"">SocialFlow</a>",True,,,,,,"{'id': 51241574, 'id_str': '51241574', 'name': 'The Associated Press', 'screen_name': 'AP', 'location': 'Global', 'url': 'https://apnews.com/', 'description': 'News from The Associated Press, and a taste of the great journalism produced by AP members and customers.', 'translator_type': 'none', 'protected': False, 'verified': True, 'followers_count': 15393580, 'friends_count': 6843, 'listed_count': 101973, 'favourites_count': 3675, 'statuses_count': 305428, 'created_at': 'Fri Jun 26 21:48:52 +0000 2009', 'utc_offset': None, 'time_zone': None, 'geo_enabled': False, 'lang': None, 'contributors_enabled': False, 'is_translator': False, 'profile_background_color': '333333', 'profile_background_image_url': 'http://abs.twimg.com/images/themes/theme1/bg.png', 'profile_background_image_url_https': 'https://abs.twimg.com/images/themes/theme1/bg.png', 'profile_background_tile': False, 'profile_link_color': 'CC3300', 'profile_sidebar_border_color': 'FFFFFF', 'profile_sidebar_fill_color': 'CCCCCC', 'profile_text_color': '333333', 'profile_use_background_image': True, 'profile_image_url': 'http://pbs.twimg.com/profile_images/461964160838803457/8z9FImcv_normal.png', 'profile_image_url_https': 'https://pbs.twimg.com/profile_images/461964160838803457/8z9FImcv_normal.png', 'profile_banner_url': 'https://pbs.twimg.com/profile_banners/51241574/1638483576', 'default_profile': False, 'default_profile_image': False, 'following': None, 'follow_request_sent': None, 'notifications': None, 'withheld_in_countries': []}",,,,,False,"{'full_text': 'French automaker PSA Group says it plans to evacuate its expatriate employees and their families from Wuhan, the locked-down Chinese city that is the epicenter of a deadly virus outbreak. https://t.co/EC211sgFeV', 'display_text_range': [0, 211], 'entities': {'hashtags': [], 'urls': [{'url': 'https://t.co/EC211sgFeV', 'expanded_url': 'http://apne.ws/z1I0Ide', 'display_url': 'apne.ws/z1I0Ide', 'indices': [188, 211]}], 'user_mentions': [], 'symbols': []}}",2,11,57,73,"{'hashtags': [], 'urls': [{'url': 'https://t.co/sqkbUXk6Gr', 'expanded_url': 'https://twitter.com/i/web/status/1221160584676282368', 'display_url': 'twitter.com/i/web/status/1…', 'indices': [117, 140]}], 'user_mentions': [], 'symbols': []}",False,False,False,low,en,[{'tag': None}],
Thu Jan 23 09:09:39 +0000 2020,1220272372311261184,1220272372311261184,"A World Health Organization representative tells @AP that closing off a city the size of Wuhan, China, to try to st… https://t.co/G4AYMmj58n","<a href=""http://www.socialflow.com"" rel=""nofollow"">SocialFlow</a>",True,,,,,,"{'id': 51241574, 'id_str': '51241574', 'name': 'The Associated Press', 'screen_name': 'AP', 'location': 'Global', 'url': 'https://apnews.com/', 'description': 'News from The Associated Press, and a taste of the great journalism produced by AP members and customers.', 'translator_type': 'none', 'protected': False, 'verified': True, 'followers_count': 15393580, 'friends_count': 6843, 'listed_count': 101973, 'favourites_count': 3675, 'statuses_count': 305428, 'created_at': 'Fri Jun 26 21:48:52 +0000 2009', 'utc_offset': None, 'time_zone': None, 'geo_enabled': False, 'lang': None, 'contributors_enabled': False, 'is_translator': False, 'profile_background_color': '333333', 'profile_background_image_url': 'http://abs.twimg.com/images/themes/theme1/bg.png', 'profile_background_image_url_https': 'https://abs.twimg.com/images/themes/theme1/bg.png', 'profile_background_tile': False, 'profile_link_color': 'CC3300', 'profile_sidebar_border_color': 'FFFFFF', 'profile_sidebar_fill_color': 'CCCCCC', 'profile_text_color': '333333', 'profile_use_background_image': True, 'profile_image_url': 'http://pbs.twimg.com/profile_images/461964160838803457/8z9FImcv_normal.png', 'profile_image_url_https': 'https://pbs.twimg.com/profile_images/461964160838803457/8z9FImcv_normal.png', 'profile_banner_url': 'https://pbs.twimg.com/profile_banners/51241574/1638483576', 'default_profile': False, 'default_profile_image': False, 'following': None, 'follow_request_sent': None, 'notifications': None, 'withheld_in_countries': []}",,,,,False,"{'full_text': ""A World Health Organization representative tells @AP that closing off a city the size of Wuhan, China, to try to stem a viral outbreak is new to science and that it's too early to gauge results \nhttps://t.co/EJuxClY077"", 'display_text_range': [0, 218], 'entities': {'hashtags': [], 'urls': [{'url': 'https://t.co/EJuxClY077', 'expanded_url': 'http://apne.ws/sQdYFEV', 'display_url': 'apne.ws/sQdYFEV', 'indices': [195, 218]}], 'user_mentions': [{'screen_name': 'AP', 'name': 'The Associated Press', 'id': 51241574, 'id_str': '51241574', 'indices': [49, 52]}], 'symbols': []}}",7,11,55,79,"{'hashtags': [], 'urls': [{'url': 'https://t.co/G4AYMmj58n', 'expanded_url': 'https://twitter.com/i/web/status/1220272372311261184', 'display_url': 'twitter.com/i/web/status/1…', 'indices': [117, 140]}], 'user_mentions': [{'screen_name': 'AP', 'name': 'The Associated Press', 'id': 51241574, 'id_str': '51241574', 'indices': [49, 52]}], 'symbols': []}",False,False,False,low,en,[{'tag': None}],
Tue Feb 18 11:40:32 +0000 2020,1229732424738856960,1229732424738856960,"Among #10ThingstoKnow:
— Boy Scouts of America file for bankruptcy due to sex-abuse lawsuits
— Michael Bloomberg qu… https://t.co/OG7jB0yv9d","<a href=""http://www.socialflow.com"" rel=""nofollow"">SocialFlow</a>",True,,,,,,"{'id': 51241574, 'id_str': '51241574', 'name': 'The Associated Press', 'screen_name': 'AP', 'location': 'Global', 'url': 'https://apnews.com/', 'description': 'News from The Associated Press, and a taste of the great journalism produced by AP members and customers.', 'translator_type': 'none', 'protected': False, 'verified': True, 'followers_count': 15393580, 'friends_count': 6843, 'listed_count': 101973, 'favourites_count': 3675, 'statuses_count': 305428, 'created_at': 'Fri Jun 26 21:48:52 +0000 2009', 'utc_offset': None, 'time_zone': None, 'geo_enabled': False, 'lang': None, 'contributors_enabled': False, 'is_translator': False, 'profile_background_color': '333333', 'profile_background_image_url': 'http://abs.twimg.com/images/themes/theme1/bg.png', 'profile_background_image_url_https': 'https://abs.twimg.com/images/themes/theme1/bg.png', 'profile_background_tile': False, 'profile_link_color': 'CC3300', 'profile_sidebar_border_color': 'FFFFFF', 'profile_sidebar_fill_color': 'CCCCCC', 'profile_text_color': '333333', 'profile_use_background_image': True, 'profile_image_url': 'http://pbs.twimg.com/profile_images/461964160838803457/8z9FImcv_normal.png', 'profile_image_url_https': 'https://pbs.twimg.com/profile_images/461964160838803457/8z9FImcv_normal.png', 'profile_banner_url': 'https://pbs.twimg.com/profile_banners/51241574/1638483576', 'default_profile': False, 'default_profile_image': False, 'following': None, 'follow_request_sent': None, 'notifications': None, 'withheld_in_countries': []}",,,,,False,"{'full_text': 'Among #10ThingstoKnow:\n— Boy Scouts of America file for bankruptcy due to sex-abuse lawsuits\n— Michael Bloomberg qualifies for Democratic debate in Nevada\n— Virus claims the life of a hospital director in the hard-hit Chinese city of Wuhan \nhttps://t.co/VkTzZMjl6S', 'display_text_range': [0, 264], 'entities': {'hashtags': [{'text': '10ThingstoKnow', 'indices': [6, 21]}], 'urls': [{'url': 'https://t.co/VkTzZMjl6S', 'expanded_url': 'http://apne.ws/V3e9pK0', 'display_url': 'apne.ws/V3e9pK0', 'indices': [241, 264]}], 'user_mentions': [], 'symbols': []}}",7,3,51,89,"{'hashtags': [{'text': '10ThingstoKnow', 'indices': [6, 21]}], 'urls': [{'url': 'https://t.co/OG7jB0yv9d', 'expanded_url': 'https://twitter.com/i/web/status/1229732424738856960', 'display_url': 'twitter.com/i/web/status/1…', 'indices': [117, 140]}], 'user_mentions': [], 'symbols': []}",False,False,False,low,en,[{'tag': None}],
Thu Feb 13 05:47:23 +0000 2020,1227831614312501249,1227831614312501249,"China has replaced its top officials in central Hubei province and its capital, Wuhan, the epicenter of a viral out… https://t.co/h7PL1kLuLL","<a href=""http://www.socialflow.com"" rel=""nofollow"">SocialFlow</a>",True,,,,,,"{'id': 51241574, 'id_str': '51241574', 'name': 'The Associated Press', 'screen_name': 'AP', 'location': 'Global', 'url': 'https://apnews.com/', 'description': 'News from The Associated Press, and a taste of the great journalism produced by AP members and customers.', 'translator_type': 'none', 'protected': False, 'verified': True, 'followers_count': 15393580, 'friends_count': 6843, 'listed_count': 101973, 'favourites_count': 3675, 'statuses_count': 305428, 'created_at': 'Fri Jun 26 21:48:52 +0000 2009', 'utc_offset': None, 'time_zone': None, 'geo_enabled': False, 'lang': None, 'contributors_enabled': False, 'is_translator': False, 'profile_background_color': '333333', 'profile_background_image_url': 'http://abs.twimg.com/images/themes/theme1/bg.png', 'profile_background_image_url_https': 'https://abs.twimg.com/images/themes/theme1/bg.png', 'profile_background_tile': False, 'profile_link_color': 'CC3300', 'profile_sidebar_border_color': 'FFFFFF', 'profile_sidebar_fill_color': 'CCCCCC', 'profile_text_color': '333333', 'profile_use_background_image': True, 'profile_image_url': 'http://pbs.twimg.com/profile_images/461964160838803457/8z9FImcv_normal.png', 'profile_image_url_https': 'https://pbs.twimg.com/profile_images/461964160838803457/8z9FImcv_normal.png', 'profile_banner_url': 'https://pbs.twimg.com/profile_banners/51241574/1638483576', 'default_profile': False, 'default_profile_image': False, 'following': None, 'follow_request_sent': None, 'notifications': None, 'withheld_in_countries': []}",,,,,False,"{'full_text': 'China has replaced its top officials in central Hubei province and its capital, Wuhan, the epicenter of a viral outbreak that has infected more than 45,000 people worldwide. https://t.co/HtrYLt6jxy', 'display_text_range': [0, 197], 'entities': {'hashtags': [], 'urls': [{'url': 'https://t.co/HtrYLt6jxy', 'expanded_url': 'http://apne.ws/FM9C3BD', 'display_url': 'apne.ws/FM9C3BD', 'indices': [174, 197]}], 'user_mentions': [], 'symbols': []}}",8,9,43,96,"{'hashtags': [], 'urls': [{'url': 'https://t.co/h7PL1kLuLL', 'expanded_url': 'https://twitter.com/i/web/status/1227831614312501249', 'display_url': 'twitter.com/i/web/status/1…', 'indices': [117, 140]}], 'user_mentions': [], 'symbols': []}",False,False,False,low,en,[{'tag': None}],
Thu Jan 23 11:35:23 +0000 2020,1220309048177975298,1220309048177975298,"Among #10ThingstoKnow: 
— House Democrats poised for 2nd day of arguments in impeachment trial; 
— Chinese city of… https://t.co/Vrbd9z4zAX","<a href=""http://www.socialflow.com"" rel=""nofollow"">SocialFlow</a>",True,,,,,,"{'id': 51241574, 'id_str': '51241574', 'name': 'The Associated Press', 'screen_name': 'AP', 'location': 'Global', 'url': 'https://apnews.com/', 'description': 'News from The Associated Press, and a taste of the great journalism produced by AP members and customers.', 'translator_type': 'none', 'protected': False, 'verified': True, 'followers_count': 15393580, 'friends_count': 6843, 'listed_count': 101973, 'favourites_count': 3675, 'statuses_count': 305428, 'created_at': 'Fri Jun 26 21:48:52 +0000 2009', 'utc_offset': None, 'time_zone': None, 'geo_enabled': False, 'lang': None, 'contributors_enabled': False, 'is_translator': False, 'profile_background_color': '333333', 'profile_background_image_url': 'http://abs.twimg.com/images/themes/theme1/bg.png', 'profile_background_image_url_https': 'https://abs.twimg.com/images/themes/theme1/bg.png', 'profile_background_tile': False, 'profile_link_color': 'CC3300', 'profile_sidebar_border_color': 'FFFFFF', 'profile_sidebar_fill_color': 'CCCCCC', 'profile_text_color': '333333', 'profile_use_background_image': True, 'profile_image_url': 'http://pbs.twimg.com/profile_images/461964160838803457/8z9FImcv_normal.png', 'profile_image_url_https': 'https://pbs.twimg.com/profile_images/461964160838803457/8z9FImcv_normal.png', 'profile_banner_url': 'https://pbs.twimg.com/profile_banners/51241574/1638483576', 'default_profile': False, 'default_profile_image': False, 'following': None, 'follow_request_sent': None, 'notifications': None, 'withheld_in_countries': []}",,,,,False,"{'full_text': 'Among #10ThingstoKnow: \n— House Democrats poised for 2nd day of arguments in impeachment trial; \n— Chinese city of Wuhan closed off to try to contain spread of coronavirus;\n—  UN court orders Myanmar to take measures to prevent genocide against Rohingya.\xa0\nhttps://t.co/Oj3fpm4uj9', 'display_text_range': [0, 279], 'entities': {'hashtags': [{'text': '10ThingstoKnow', 'indices': [6, 21]}], 'urls': [{'url': 'https://t.co/Oj3fpm4uj9', 'expanded_url': 'http://apne.ws/05RayrJ', 'display_url': 'apne.ws/05RayrJ', 'indices': [256, 279]}], 'user_mentions': [], 'symbols': []}}",1,7,41,47,"{'hashtags': [{'text': '10ThingstoKnow', 'indices': [6, 21]}], 'urls': [{'url': 'https://t.co/Vrbd9z4zAX', 'expanded_url': 'https://twitter.com/i/web/status/1220309048177975298', 'display_url': 'twitter.com/i/web/status/1…', 'indices': [116, 139]}], 'user_mentions': [], 'symbols': []}",False,False,False,low,en,[{'tag': None}],
Fri Feb 07 09:31:03 +0000 2020,1225713574317875201,1225713574317875201,Nissan Motor Co. reports sales in China by the company and its partners fell nearly 12% in January due to the outbr… https://t.co/wNV8iMs3xZ,"<a href=""http://www.socialflow.com"" rel=""nofollow"">SocialFlow</a>",True,,,,,,"{'id': 51241574, 'id_str': '51241574', 'name': 'The Associated Press', 'screen_name': 'AP', 'location': 'Global', 'url': 'https://apnews.com/', 'description': 'News from The Associated Press, and a taste of the great journalism produced by AP members and customers.', 'translator_type': 'none', 'protected': False, 'verified': True, 'followers_count': 15393580, 'friends_count': 6843, 'listed_count': 101973, 'favourites_count': 3675, 'statuses_count': 305428, 'created_at': 'Fri Jun 26 21:48:52 +0000 2009', 'utc_offset': None, 'time_zone': None, 'geo_enabled': False, 'lang': None, 'contributors_enabled': False, 'is_translator': False, 'profile_background_color': '333333', 'profile_background_image_url': 'http://abs.twimg.com/images/themes/theme1/bg.png', 'profile_background_image_url_https': 'https://abs.twimg.com/images/themes/theme1/bg.png', 'profile_background_tile': False, 'profile_link_color': 'CC3300', 'profile_sidebar_border_color': 'FFFFFF', 'profile_sidebar_fill_color': 'CCCCCC', 'profile_text_color': '333333', 'profile_use_background_image': True, 'profile_image_url': 'http://pbs.twimg.com/profile_images/461964160838803457/8z9FImcv_normal.png', 'profile_image_url_https': 'https://pbs.twimg.com/profile_images/461964160838803457/8z9FImcv_normal.png', 'profile_banner_url': 'https://pbs.twimg.com/profile_banners/51241574/1638483576', 'default_profile': False, 'default_profile_image': False, 'following': None, 'follow_request_sent': None, 'notifications': None, 'withheld_in_countries': []}",,,,,False,"{'full_text': ""Nissan Motor Co. reports sales in China by the company and its partners fell nearly 12% in January due to the outbreak of a virus in central China's Wuhan and extended Lunar New Year holidays in many parts of China. https://t.co/XOF5UjJ2Yc"", 'display_text_range': [0, 239], 'entities': {'hashtags': [], 'urls': [{'url': 'https://t.co/XOF5UjJ2Yc', 'expanded_url': 'http://apne.ws/RNs4wDq', 'display_url': 'apne.ws/RNs4wDq', 'indices': [216, 239]}], 'user_mentions': [], 'symbols': []}}",4,4,29,36,"{'hashtags': [], 'urls': [{'url': 'https://t.co/wNV8iMs3xZ', 'expanded_url': 'https://twitter.com/i/web/status/1225713574317875201', 'display_url': 'twitter.com/i/web/status/1…', 'indices': [117, 140]}], 'user_mentions': [], 'symbols': []}",False,False,False,low,en,[{'tag': None}],
Tue Jan 28 07:11:56 +0000 2020,1222054686791999489,1222054686791999489,"RT @AP_Africa: 'I’m feeling like I’m trapped here.' As some countries prepare to evacuate citizens from China's locked-down city of Wuhan,…","<a href=""http://www.socialflow.com"" rel=""nofollow"">SocialFlow</a>",False,,,,,,"{'id': 51241574, 'id_str': '51241574', 'name': 'The Associated Press', 'screen_name': 'AP', 'location': 'Global', 'url': 'https://apnews.com/', 'description': 'News from The Associated Press, and a taste of the great journalism produced by AP members and customers.', 'translator_type': 'none', 'protected': False, 'verified': True, 'followers_count': 15393580, 'friends_count': 6843, 'listed_count': 101973, 'favourites_count': 3675, 'statuses_count': 305428, 'created_at': 'Fri Jun 26 21:48:52 +0000 2009', 'utc_offset': None, 'time_zone': None, 'geo_enabled': False, 'lang': None, 'contributors_enabled': False, 'is_translator': False, 'profile_background_color': '333333', 'profile_background_image_url': 'http://abs.twimg.com/images/themes/theme1/bg.png', 'profile_background_image_url_https': 'https://abs.twimg.com/images/themes/theme1/bg.png', 'profile_background_tile': False, 'profile_link_color': 'CC3300', 'profile_sidebar_border_color': 'FFFFFF', 'profile_sidebar_fill_color': 'CCCCCC', 'profile_text_color': '333333', 'profile_use_background_image': True, 'profile_image_url': 'http://pbs.twimg.com/profile_images/461964160838803457/8z9FImcv_normal.png', 'profile_image_url_https': 'https://pbs.twimg.com/profile_images/461964160838803457/8z9FImcv_normal.png', 'profile_banner_url': 'https://pbs.twimg.com/profile_banners/51241574/1638483576', 'default_profile': False, 'default_profile_image': False, 'following': None, 'follow_request_sent': None, 'notifications': None, 'withheld_in_countries': []}",,,,,False,,0,0,0,0,"{'hashtags': [], 'urls': [], 'user_mentions': [{'screen_name': 'AP_Africa', 'name': 'AP Africa', 'id': 920838449946681344, 'id_str': '920838449946681344', 'indices': [3, 13]}], 'symbols': []}",False,False,,low,en,[{'tag': None}],"{'created_at': 'Tue Jan 28 07:05:41 +0000 2020', 'id': 1222053111574990848, 'id_str': '1222053111574990848', 'text': ""'I’m feeling like I’m trapped here.' As some countries prepare to evacuate citizens from China's locked-down city o… https://t.co/ZwM4DeiqDu"", 'source': '<a href=""http://www.socialflow.com"" rel=""nofollow"">SocialFlow</a>', 'truncated': True, 'in_reply_to_status_id': None, 'in_reply_to_status_id_str': None, 'in_reply_to_user_id': None, 'in_reply_to_user_id_str': None, 'in_reply_to_screen_name': None, 'user': {'id': 920838449946681344, 'id_str': '920838449946681344', 'name': 'AP Africa', 'screen_name': 'AP_Africa', 'location': 'Johannesburg, South Africa', 'url': 'https://www.apnews.com/tag/apf-africa', 'description': ""The @AP's multi-format news from Africa. Header photo by Ben Curtis."", 'translator_type': 'none', 'protected': False, 'verified': True, 'followers_count': 16113, 'friends_count': 0, 'listed_count': 327, 'favourites_count': 10, 'statuses_count': 2991, 'created_at': 'Thu Oct 19 02:26:09 +0000 2017', 'utc_offset': None, 'time_zone': None, 'geo_enabled': True, 'lang': None, 'contributors_enabled': False, 'is_translator': False, 'profile_background_color': 'F5F8FA', 'profile_background_image_url': '', 'profile_background_image_url_https': '', 'profile_background_tile': False, 'profile_link_color': '1DA1F2', 'profile_sidebar_border_color': 'C0DEED', 'profile_sidebar_fill_color': 'DDEEF6', 'profile_text_color': '333333', 'profile_use_background_image': True, 'profile_image_url': 'http://pbs.twimg.com/profile_images/923207628188278785/kSH8D4i5_normal.jpg', 'profile_image_url_https': 'https://pbs.twimg.com/profile_images/923207628188278785/kSH8D4i5_normal.jpg', 'profile_banner_url': 'https://pbs.twimg.com/profile_banners/920838449946681344/1508760953', 'default_profile': True, 'default_profile_image': False, 'following': None, 'follow_request_sent': None, 'notifications': None, 'withheld_in_countries': []}, 'geo': None, 'coordinates': None, 'place': None, 'contributors': None, 'is_quote_status': False, 'extended_tweet': {'full_text': ""'I’m feeling like I’m trapped here.' As some countries prepare to evacuate citizens from China's locked-down city of Wuhan, thousands of students from African nations see little chance of a similar escape. #OnlyOnAP https://t.co/ByEc8MygDE"", 'display_text_range': [0, 239], 'entities': {'hashtags': [{'text': 'OnlyOnAP', 'indices': [206, 215]}], 'urls': [{'url': 'https://t.co/ByEc8MygDE', 'expanded_url': 'http://apne.ws/zyoM5nT', 'display_url': 'apne.ws/zyoM5nT', 'indices': [216, 239]}], 'user_mentions': [], 'symbols': []}}, 'quote_count': 6, 'reply_count': 13, 'retweet_count': 91, 'favorite_count': 98, 'entities': {'hashtags': [], 'urls': [{'url': 'https://t.co/ZwM4DeiqDu', 'expanded_url': 'https://twitter.com/i/web/status/1222053111574990848', 'display_url': 'twitter.com/i/web/status/1…', 'indices': [117, 140]}], 'user_mentions': [], 'symbols': []}, 'favorited': False, 'retweeted': False, 'possibly_sensitive': False, 'filter_level': 'low', 'lang': 'en'}"
